Market Name,Ticker,Status,Date and Time of Settlement (ET),Price (USD)
BAL Orioles -1.5,MLB-MOVY-FG-03I5U618ELJM5C0-BAES000-GTE-P00015,Settled Early,06/18/26 12:38:32.534 AM EDT,$1.00
BAL Orioles -3.5,MLB-MOVY-FG-03I5U618ELJM5C0-BAES000-GTE-P00035,Settled Early,06/18/26 12:38:38.417 AM EDT,$0.00
SEA Mariners -3.5,MLB-MOVY-FG-03I5U618ELJM5C0-SERS000-GTE-P00035,Settled Early,06/18/26 12:39:09.135 AM EDT,$0.00
BAL Orioles -5.5,MLB-MOVY-FG-03I5U618ELJM5C0-BAES000-GTE-P00055,Settled Early,06/18/26 12:39:09.360 AM EDT,$0.00
BAL Orioles -0.5,MLB-MOVY-FG-03I5U618ELJM5C0-BAES000-GTE-P00005,Settled Early,06/18/26 12:39:09.572 AM EDT,$1.00
BAL Orioles -7.5,MLB-MOVY-FG-03I5U618ELJM5C0-BAES000-GTE-P00075,Settled Early,06/18/26 12:39:09.783 AM EDT,$0.00
SEA Mariners -7.5,MLB-MOVY-FG-03I5U618ELJM5C0-SERS000-GTE-P00075,Settled Early,06/18/26 12:39:09.979 AM EDT,$0.00
BAL Orioles -2.5,MLB-MOVY-FG-03I5U618ELJM5C0-BAES000-GTE-P00025,Settled Early,06/18/26 12:39:10.161 AM EDT,$0.00
SEA Mariners -6.5,MLB-MOVY-FG-03I5U618ELJM5C0-SERS000-GTE-P00065,Settled Early,06/18/26 12:39:10.361 AM EDT,$0.00
SEA Mariners -1.5,MLB-MOVY-FG-03I5U618ELJM5C0-SERS000-GTE-P00015,Settled Early,06/18/26 12:39:10.565 AM EDT,$0.00
SEA Mariners -4.5,MLB-MOVY-FG-03I5U618ELJM5C0-SERS000-GTE-P00045,Settled Early,06/18/26 12:39:10.771 AM EDT,$0.00
BAL Orioles -6.5,MLB-MOVY-FG-03I5U618ELJM5C0-BAES000-GTE-P00065,Settled Early,06/18/26 12:39:10.971 AM EDT,$0.00
BAL Orioles -4.5,MLB-MOVY-FG-03I5U618ELJM5C0-BAES000-GTE-P00045,Settled Early,06/18/26 12:39:11.180 AM EDT,$0.00
SEA Mariners -2.5,MLB-MOVY-FG-03I5U618ELJM5C0-SERS000-GTE-P00025,Settled Early,06/18/26 12:39:11.353 AM EDT,$0.00
SEA Mariners -0.5,MLB-MOVY-FG-03I5U618ELJM5C0-SERS000-GTE-P00005,Settled Early,06/18/26 12:39:11.555 AM EDT,$0.00
SEA Mariners -5.5,MLB-MOVY-FG-03I5U618ELJM5C0-SERS000-GTE-P00055,Settled Early,06/18/26 12:39:11.780 AM EDT,$0.00
TB Rays -2.5,MLB-MOVY-FG-03I5UAHJELJH8HO-TBYS000-GTE-P00025,Settled Early,06/18/26 12:39:41.484 AM EDT,$0.00
LA Dodgers -5.5,MLB-MOVY-FG-03I5UAHJELJH8HO-LARS000-GTE-P00055,Settled Early,06/18/26 12:39:41.700 AM EDT,$0.00
TB Rays -3.5,MLB-MOVY-FG-03I5UAHJELJH8HO-TBYS000-GTE-P00035,Settled Early,06/18/26 12:39:41.883 AM EDT,$0.00
LA Dodgers -7.5,MLB-MOVY-FG-03I5UAHJELJH8HO-LARS000-GTE-P00075,Settled Early,06/18/26 12:39:42.094 AM EDT,$0.00
LA Dodgers -0.5,MLB-MOVY-FG-03I5UAHJELJH8HO-LARS000-GTE-P00005,Settled Early,06/18/26 12:39:42.301 AM EDT,$1.00
LA Dodgers -2.5,MLB-MOVY-FG-03I5UAHJELJH8HO-LARS000-GTE-P00025,Settled Early,06/18/26 12:39:42.504 AM EDT,$0.00
LA Dodgers -1.5,MLB-MOVY-FG-03I5UAHJELJH8HO-LARS000-GTE-P00015,Settled Early,06/18/26 12:39:42.715 AM EDT,$0.00
TB Rays -7.5,MLB-MOVY-FG-03I5UAHJELJH8HO-TBYS000-GTE-P00075,Settled Early,06/18/26 12:39:42.920 AM EDT,$0.00
TB Rays -4.5,MLB-MOVY-FG-03I5UAHJELJH8HO-TBYS000-GTE-P00045,Settled Early,06/18/26 12:39:43.111 AM EDT,$0.00
LA Dodgers -6.5,MLB-MOVY-FG-03I5UAHJELJH8HO-LARS000-GTE-P00065,Settled Early,06/18/26 12:39:43.301 AM EDT,$0.00
TB Rays -5.5,MLB-MOVY-FG-03I5UAHJELJH8HO-TBYS000-GTE-P00055,Settled Early,06/18/26 12:39:43.475 AM EDT,$0.00
LA Dodgers -4.5,MLB-MOVY-FG-03I5UAHJELJH8HO-LARS000-GTE-P00045,Settled Early,06/18/26 12:39:43.674 AM EDT,$0.00
TB Rays -1.5,MLB-MOVY-FG-03I5UAHJELJH8HO-TBYS000-GTE-P00015,Settled Early,06/18/26 12:39:43.854 AM EDT,$0.00
TB Rays -6.5,MLB-MOVY-FG-03I5UAHJELJH8HO-TBYS000-GTE-P00065,Settled Early,06/18/26 12:39:44.030 AM EDT,$0.00
LA Dodgers -3.5,MLB-MOVY-FG-03I5UAHJELJH8HO-LARS000-GTE-P00035,Settled Early,06/18/26 12:39:44.228 AM EDT,$0.00
TB Rays -0.5,MLB-MOVY-FG-03I5UAHJELJH8HO-TBYS000-GTE-P00005,Settled Early,06/18/26 12:39:44.424 AM EDT,$0.00
PIT Pirates -1.5,MLB-MOVY-FG-03I5U67RELJM5L0-PIES000-GTE-P00015,Settled Early,06/18/26 12:47:22.193 AM EDT,$1.00
PIT Pirates -5.5,MLB-MOVY-FG-03I5U67RELJM5L0-PIES000-GTE-P00055,Settled Early,06/18/26 12:47:22.435 AM EDT,$1.00
Athletics -4.5,MLB-MOVY-FG-03I5U67RELJM5L0-ATCS000-GTE-P00045,Settled Early,06/18/26 12:47:22.644 AM EDT,$0.00
PIT Pirates -2.5,MLB-MOVY-FG-03I5U67RELJM5L0-PIES000-GTE-P00025,Settled Early,06/18/26 12:47:22.869 AM EDT,$1.00
Athletics -7.5,MLB-MOVY-FG-03I5U67RELJM5L0-ATCS000-GTE-P00075,Settled Early,06/18/26 12:47:23.075 AM EDT,$0.00
Athletics -3.5,MLB-MOVY-FG-03I5U67RELJM5L0-ATCS000-GTE-P00035,Settled Early,06/18/26 12:47:23.281 AM EDT,$0.00
PIT Pirates -0.5,MLB-MOVY-FG-03I5U67RELJM5L0-PIES000-GTE-P00005,Settled Early,06/18/26 12:47:23.456 AM EDT,$1.00
Athletics -1.5,MLB-MOVY-FG-03I5U67RELJM5L0-ATCS000-GTE-P00015,Settled Early,06/18/26 12:47:23.664 AM EDT,$0.00
Athletics -2.5,MLB-MOVY-FG-03I5U67RELJM5L0-ATCS000-GTE-P00025,Settled Early,06/18/26 12:47:23.842 AM EDT,$0.00
Athletics -6.5,MLB-MOVY-FG-03I5U67RELJM5L0-ATCS000-GTE-P00065,Settled Early,06/18/26 12:47:24.052 AM EDT,$0.00
Athletics -0.5,MLB-MOVY-FG-03I5U67RELJM5L0-ATCS000-GTE-P00005,Settled Early,06/18/26 12:47:24.228 AM EDT,$0.00
Athletics -5.5,MLB-MOVY-FG-03I5U67RELJM5L0-ATCS000-GTE-P00055,Settled Early,06/18/26 12:47:24.401 AM EDT,$0.00
PIT Pirates -3.5,MLB-MOVY-FG-03I5U67RELJM5L0-PIES000-GTE-P00035,Settled Early,06/18/26 12:47:24.579 AM EDT,$1.00
PIT Pirates -4.5,MLB-MOVY-FG-03I5U67RELJM5L0-PIES000-GTE-P00045,Settled Early,06/18/26 12:47:24.781 AM EDT,$1.00
PIT Pirates -7.5,MLB-MOVY-FG-03I5U67RELJM5L0-PIES000-GTE-P00075,Settled Early,06/18/26 12:47:24.989 AM EDT,$1.00
PIT Pirates -6.5,MLB-MOVY-FG-03I5U67RELJM5L0-PIES000-GTE-P00065,Settled Early,06/18/26 12:47:25.172 AM EDT,$1.00
Over 3.5,KBO-TRUNS-FG-00NAPLBSPJON7PG-GTE-P00035,Settled Early,06/18/26 07:00:15.608 AM EDT,$1.00
Over 3.5,KBO-TRUNS-FG-00NAPLE0PJON7I8-GTE-P00035,Settled Early,06/18/26 07:14:52.229 AM EDT,$1.00
Over 3.5,KBO-TRUNS-FG-00NAPLC7PJON6S8-GTE-P00035,Settled Early,06/18/26 07:15:10.700 AM EDT,$1.00
Over 4.5,KBO-TRUNS-FG-00NAPLC7PJON6S8-GTE-P00045,Settled Early,06/18/26 07:15:10.971 AM EDT,$1.00
Over 3.5,KBO-TRUNS-FG-00NAPLA9PJON7BG-GTE-P00035,Settled Early,06/18/26 07:27:03.771 AM EDT,$1.00
Over 4.5,KBO-TRUNS-FG-00NAPLA9PJON7BG-GTE-P00045,Settled Early,06/18/26 07:27:04.061 AM EDT,$1.00
Over 5.5,KBO-TRUNS-FG-00NAPLC7PJON6S8-GTE-P00055,Settled Early,06/18/26 08:00:27.006 AM EDT,$1.00
Over 4.5,KBO-TRUNS-FG-00NAPLE0PJON7I8-GTE-P00045,Settled Early,06/18/26 08:01:12.723 AM EDT,$1.00
Over 5.5,KBO-TRUNS-FG-00NAPLE0PJON7I8-GTE-P00055,Settled Early,06/18/26 08:01:12.934 AM EDT,$1.00
Over 5.5,KBO-TRUNS-FG-00NAPLA9PJON7BG-GTE-P00055,Settled Early,06/18/26 08:40:31.628 AM EDT,$1.00
Over 6.5,KBO-TRUNS-FG-00NAPLC7PJON6S8-GTE-P00065,Settled Early,06/18/26 08:57:50.535 AM EDT,$0.00
Over 8.5,KBO-TRUNS-FG-00NAPLC7PJON6S8-GTE-P00085,Settled Early,06/18/26 08:57:50.783 AM EDT,$0.00
Over 9.5,KBO-TRUNS-FG-00NAPLC7PJON6S8-GTE-P00095,Settled Early,06/18/26 08:57:51.011 AM EDT,$0.00
Over 10.5,KBO-TRUNS-FG-00NAPLC7PJON6S8-GTE-P00105,Settled Early,06/18/26 08:57:51.210 AM EDT,$0.00
Over 12.5,KBO-TRUNS-FG-00NAPLC7PJON6S8-GTE-P00125,Settled Early,06/18/26 08:57:51.418 AM EDT,$0.00
Over 14.5,KBO-TRUNS-FG-00NAPLC7PJON6S8-GTE-P00145,Settled Early,06/18/26 08:57:51.626 AM EDT,$0.00
Over 7.5,KBO-TRUNS-FG-00NAPLC7PJON6S8-GTE-P00075,Settled Early,06/18/26 08:57:51.851 AM EDT,$0.00
Over 13.5,KBO-TRUNS-FG-00NAPLC7PJON6S8-GTE-P00135,Settled Early,06/18/26 08:57:52.044 AM EDT,$0.00
Over 15.5,KBO-TRUNS-FG-00NAPLC7PJON6S8-GTE-P00155,Settled Early,06/18/26 08:57:52.256 AM EDT,$0.00
Over 11.5,KBO-TRUNS-FG-00NAPLC7PJON6S8-GTE-P00115,Settled Early,06/18/26 08:57:52.447 AM EDT,$0.00
Hanwha Eagles -1.5,KBO-MOVY-FG-00NAPLC7PJON6S8-HAES000-GTE-P00015,Settled Early,06/18/26 08:58:59.764 AM EDT,$0.00
Hanwha Eagles -2.5,KBO-MOVY-FG-00NAPLC7PJON6S8-HAES000-GTE-P00025,Settled Early,06/18/26 08:58:59.991 AM EDT,$0.00
Hanwha Eagles -3.5,KBO-MOVY-FG-00NAPLC7PJON6S8-HAES000-GTE-P00035,Settled Early,06/18/26 08:59:00.241 AM EDT,$0.00
Hanwha Eagles -4.5,KBO-MOVY-FG-00NAPLC7PJON6S8-HAES000-GTE-P00045,Settled Early,06/18/26 08:59:00.450 AM EDT,$0.00
Hanwha Eagles -7.5,KBO-MOVY-FG-00NAPLC7PJON6S8-HAES000-GTE-P00075,Settled Early,06/18/26 08:59:00.656 AM EDT,$0.00
NC Dinos -1.5,KBO-MOVY-FG-00NAPLC7PJON6S8-NCOS000-GTE-P00015,Settled Early,06/18/26 08:59:00.850 AM EDT,$1.00
NC Dinos -2.5,KBO-MOVY-FG-00NAPLC7PJON6S8-NCOS000-GTE-P00025,Settled Early,06/18/26 08:59:01.054 AM EDT,$1.00
NC Dinos -3.5,KBO-MOVY-FG-00NAPLC7PJON6S8-NCOS000-GTE-P00035,Settled Early,06/18/26 08:59:01.291 AM EDT,$1.00
NC Dinos -4.5,KBO-MOVY-FG-00NAPLC7PJON6S8-NCOS000-GTE-P00045,Settled Early,06/18/26 08:59:01.494 AM EDT,$1.00
NC Dinos -6.5,KBO-MOVY-FG-00NAPLC7PJON6S8-NCOS000-GTE-P00065,Settled Early,06/18/26 08:59:01.674 AM EDT,$0.00
NC Dinos -7.5,KBO-MOVY-FG-00NAPLC7PJON6S8-NCOS000-GTE-P00075,Settled Early,06/18/26 08:59:01.892 AM EDT,$0.00
NC Dinos -0.5,KBO-MOVY-FG-00NAPLC7PJON6S8-NCOS000-GTE-P00005,Settled Early,06/18/26 08:59:02.109 AM EDT,$1.00
Hanwha Eagles -0.5,KBO-MOVY-FG-00NAPLC7PJON6S8-HAES000-GTE-P00005,Settled Early,06/18/26 08:59:02.291 AM EDT,$0.00
NC Dinos -5.5,KBO-MOVY-FG-00NAPLC7PJON6S8-NCOS000-GTE-P00055,Settled Early,06/18/26 08:59:02.467 AM EDT,$1.00
Hanwha Eagles -6.5,KBO-MOVY-FG-00NAPLC7PJON6S8-HAES000-GTE-P00065,Settled Early,06/18/26 08:59:02.648 AM EDT,$0.00
Hanwha Eagles -5.5,KBO-MOVY-FG-00NAPLC7PJON6S8-HAES000-GTE-P00055,Settled Early,06/18/26 08:59:02.842 AM EDT,$0.00
NC Dinos,KBO-WIN-FG-00NAPLC7PJON6S8-NCOS000,Settled Early,06/18/26 09:11:16.356 AM EDT,$1.00
Hanwha Eagles,KBO-WIN-FG-00NAPLC7PJON6S8-HAES000,Settled Early,06/18/26 09:11:16.569 AM EDT,$0.00
Kiwoom Heroes -0.5,KBO-MOVY-FG-00NAPLE0PJON7I8-KIES000-GTE-P00005,Settled Early,06/18/26 09:11:44.815 AM EDT,$0.00
Samsung Lions -5.5,KBO-MOVY-FG-00NAPLE0PJON7I8-SANS000-GTE-P00055,Settled Early,06/18/26 09:11:45.034 AM EDT,$0.00
Samsung Lions -3.5,KBO-MOVY-FG-00NAPLE0PJON7I8-SANS000-GTE-P00035,Settled Early,06/18/26 09:11:45.258 AM EDT,$0.00
Kiwoom Heroes -7.5,KBO-MOVY-FG-00NAPLE0PJON7I8-KIES000-GTE-P00075,Settled Early,06/18/26 09:11:45.471 AM EDT,$0.00
Samsung Lions -7.5,KBO-MOVY-FG-00NAPLE0PJON7I8-SANS000-GTE-P00075,Settled Early,06/18/26 09:11:45.681 AM EDT,$0.00
Kiwoom Heroes -1.5,KBO-MOVY-FG-00NAPLE0PJON7I8-KIES000-GTE-P00015,Settled Early,06/18/26 09:11:45.889 AM EDT,$0.00
Samsung Lions -4.5,KBO-MOVY-FG-00NAPLE0PJON7I8-SANS000-GTE-P00045,Settled Early,06/18/26 09:11:46.099 AM EDT,$0.00
Samsung Lions -0.5,KBO-MOVY-FG-00NAPLE0PJON7I8-SANS000-GTE-P00005,Settled Early,06/18/26 09:11:46.303 AM EDT,$1.00
Samsung Lions -2.5,KBO-MOVY-FG-00NAPLE0PJON7I8-SANS000-GTE-P00025,Settled Early,06/18/26 09:11:46.502 AM EDT,$0.00
Kiwoom Heroes -4.5,KBO-MOVY-FG-00NAPLE0PJON7I8-KIES000-GTE-P00045,Settled Early,06/18/26 09:11:46.681 AM EDT,$0.00
Kiwoom Heroes -6.5,KBO-MOVY-FG-00NAPLE0PJON7I8-KIES000-GTE-P00065,Settled Early,06/18/26 09:11:46.878 AM EDT,$0.00
Samsung Lions -1.5,KBO-MOVY-FG-00NAPLE0PJON7I8-SANS000-GTE-P00015,Settled Early,06/18/26 09:11:47.081 AM EDT,$0.00
Kiwoom Heroes -5.5,KBO-MOVY-FG-00NAPLE0PJON7I8-KIES000-GTE-P00055,Settled Early,06/18/26 09:11:47.306 AM EDT,$0.00
Kiwoom Heroes -3.5,KBO-MOVY-FG-00NAPLE0PJON7I8-KIES000-GTE-P00035,Settled Early,06/18/26 09:11:47.490 AM EDT,$0.00
Kiwoom Heroes -2.5,KBO-MOVY-FG-00NAPLE0PJON7I8-KIES000-GTE-P00025,Settled Early,06/18/26 09:11:47.692 AM EDT,$0.00
Samsung Lions -6.5,KBO-MOVY-FG-00NAPLE0PJON7I8-SANS000-GTE-P00065,Settled Early,06/18/26 09:11:47.884 AM EDT,$0.00
Kiwoom Heroes,KBO-WIN-FG-00NAPLE0PJON7I8-KIES000,Settled Early,06/18/26 09:12:11.820 AM EDT,$0.00
Samsung Lions,KBO-WIN-FG-00NAPLE0PJON7I8-SANS000,Settled Early,06/18/26 09:12:12.054 AM EDT,$1.00
Over 10.5,KBO-TRUNS-FG-00NAPLE0PJON7I8-GTE-P00105,Settled Early,06/18/26 09:12:33.481 AM EDT,$0.00
Over 12.5,KBO-TRUNS-FG-00NAPLE0PJON7I8-GTE-P00125,Settled Early,06/18/26 09:12:33.675 AM EDT,$0.00
Over 14.5,KBO-TRUNS-FG-00NAPLE0PJON7I8-GTE-P00145,Settled Early,06/18/26 09:12:33.859 AM EDT,$0.00
Over 6.5,KBO-TRUNS-FG-00NAPLE0PJON7I8-GTE-P00065,Settled Early,06/18/26 09:12:34.037 AM EDT,$1.00
Over 15.5,KBO-TRUNS-FG-00NAPLE0PJON7I8-GTE-P00155,Settled Early,06/18/26 09:12:34.247 AM EDT,$0.00
Over 11.5,KBO-TRUNS-FG-00NAPLE0PJON7I8-GTE-P00115,Settled Early,06/18/26 09:12:34.432 AM EDT,$0.00
Over 9.5,KBO-TRUNS-FG-00NAPLE0PJON7I8-GTE-P00095,Settled Early,06/18/26 09:12:34.615 AM EDT,$0.00
Over 13.5,KBO-TRUNS-FG-00NAPLE0PJON7I8-GTE-P00135,Settled Early,06/18/26 09:12:34.795 AM EDT,$0.00
Over 7.5,KBO-TRUNS-FG-00NAPLE0PJON7I8-GTE-P00075,Settled Early,06/18/26 09:12:34.974 AM EDT,$0.00
Over 8.5,KBO-TRUNS-FG-00NAPLE0PJON7I8-GTE-P00085,Settled Early,06/18/26 09:12:35.164 AM EDT,$0.00
Lotte Giants,KBO-WIN-FG-00NAPLBSPJON7PG-LOTS001,Settled Early,06/18/26 09:54:17.786 AM EDT,$0.50
SSG Landers,KBO-WIN-FG-00NAPLBSPJON7PG-SSRS000,Settled Early,06/18/26 09:54:18.100 AM EDT,$0.50
SSG Landers -1.5,KBO-MOVY-FG-00NAPLBSPJON7PG-SSRS000-GTE-P00015,Settled Early,06/18/26 09:54:50.785 AM EDT,$0.00
SSG Landers -3.5,KBO-MOVY-FG-00NAPLBSPJON7PG-SSRS000-GTE-P00035,Settled Early,06/18/26 09:54:51.032 AM EDT,$0.00
SSG Landers -4.5,KBO-MOVY-FG-00NAPLBSPJON7PG-SSRS000-GTE-P00045,Settled Early,06/18/26 09:54:51.253 AM EDT,$0.00
SSG Landers -6.5,KBO-MOVY-FG-00NAPLBSPJON7PG-SSRS000-GTE-P00065,Settled Early,06/18/26 09:54:51.482 AM EDT,$0.00
Lotte Giants -0.5,KBO-MOVY-FG-00NAPLBSPJON7PG-LOTS001-GTE-P00005,Settled Early,06/18/26 09:54:51.741 AM EDT,$0.00
Lotte Giants -1.5,KBO-MOVY-FG-00NAPLBSPJON7PG-LOTS001-GTE-P00015,Settled Early,06/18/26 09:54:51.971 AM EDT,$0.00
Lotte Giants -3.5,KBO-MOVY-FG-00NAPLBSPJON7PG-LOTS001-GTE-P00035,Settled Early,06/18/26 09:54:52.185 AM EDT,$0.00
Lotte Giants -4.5,KBO-MOVY-FG-00NAPLBSPJON7PG-LOTS001-GTE-P00045,Settled Early,06/18/26 09:54:52.373 AM EDT,$0.00
Lotte Giants -5.5,KBO-MOVY-FG-00NAPLBSPJON7PG-LOTS001-GTE-P00055,Settled Early,06/18/26 09:54:52.545 AM EDT,$0.00
Lotte Giants -7.5,KBO-MOVY-FG-00NAPLBSPJON7PG-LOTS001-GTE-P00075,Settled Early,06/18/26 09:54:52.768 AM EDT,$0.00
Lotte Giants -2.5,KBO-MOVY-FG-00NAPLBSPJON7PG-LOTS001-GTE-P00025,Settled Early,06/18/26 09:54:52.940 AM EDT,$0.00
SSG Landers -2.5,KBO-MOVY-FG-00NAPLBSPJON7PG-SSRS000-GTE-P00025,Settled Early,06/18/26 09:54:53.119 AM EDT,$0.00
SSG Landers -5.5,KBO-MOVY-FG-00NAPLBSPJON7PG-SSRS000-GTE-P00055,Settled Early,06/18/26 09:54:53.317 AM EDT,$0.00
SSG Landers -0.5,KBO-MOVY-FG-00NAPLBSPJON7PG-SSRS000-GTE-P00005,Settled Early,06/18/26 09:54:53.517 AM EDT,$0.00
Lotte Giants -6.5,KBO-MOVY-FG-00NAPLBSPJON7PG-LOTS001-GTE-P00065,Settled Early,06/18/26 09:54:53.718 AM EDT,$0.00
SSG Landers -7.5,KBO-MOVY-FG-00NAPLBSPJON7PG-SSRS000-GTE-P00075,Settled Early,06/18/26 09:54:53.893 AM EDT,$0.00
KIA Tigers -3.5,KBO-MOVY-FG-00NAPLA9PJON7BG-KIRS000-GTE-P00035,Settled Early,06/18/26 09:55:20.019 AM EDT,$0.00
KIA Tigers -4.5,KBO-MOVY-FG-00NAPLA9PJON7BG-KIRS000-GTE-P00045,Settled Early,06/18/26 09:55:20.277 AM EDT,$0.00
KIA Tigers -7.5,KBO-MOVY-FG-00NAPLA9PJON7BG-KIRS000-GTE-P00075,Settled Early,06/18/26 09:55:20.501 AM EDT,$0.00
LG Twins -1.5,KBO-MOVY-FG-00NAPLA9PJON7BG-LGNS000-GTE-P00015,Settled Early,06/18/26 09:55:20.714 AM EDT,$0.00
LG Twins -2.5,KBO-MOVY-FG-00NAPLA9PJON7BG-LGNS000-GTE-P00025,Settled Early,06/18/26 09:55:20.953 AM EDT,$0.00
LG Twins -7.5,KBO-MOVY-FG-00NAPLA9PJON7BG-LGNS000-GTE-P00075,Settled Early,06/18/26 09:55:21.195 AM EDT,$0.00
KIA Tigers -5.5,KBO-MOVY-FG-00NAPLA9PJON7BG-KIRS000-GTE-P00055,Settled Early,06/18/26 09:55:21.387 AM EDT,$0.00
KIA Tigers -2.5,KBO-MOVY-FG-00NAPLA9PJON7BG-KIRS000-GTE-P00025,Settled Early,06/18/26 09:55:21.563 AM EDT,$0.00
LG Twins -5.5,KBO-MOVY-FG-00NAPLA9PJON7BG-LGNS000-GTE-P00055,Settled Early,06/18/26 09:55:21.779 AM EDT,$0.00
LG Twins -4.5,KBO-MOVY-FG-00NAPLA9PJON7BG-LGNS000-GTE-P00045,Settled Early,06/18/26 09:55:21.955 AM EDT,$0.00
LG Twins -6.5,KBO-MOVY-FG-00NAPLA9PJON7BG-LGNS000-GTE-P00065,Settled Early,06/18/26 09:55:22.177 AM EDT,$0.00
LG Twins -0.5,KBO-MOVY-FG-00NAPLA9PJON7BG-LGNS000-GTE-P00005,Settled Early,06/18/26 09:55:22.352 AM EDT,$0.00
KIA Tigers -0.5,KBO-MOVY-FG-00NAPLA9PJON7BG-KIRS000-GTE-P00005,Settled Early,06/18/26 09:55:22.547 AM EDT,$1.00
KIA Tigers -6.5,KBO-MOVY-FG-00NAPLA9PJON7BG-KIRS000-GTE-P00065,Settled Early,06/18/26 09:55:22.743 AM EDT,$0.00
KIA Tigers -1.5,KBO-MOVY-FG-00NAPLA9PJON7BG-KIRS000-GTE-P00015,Settled Early,06/18/26 09:55:22.937 AM EDT,$1.00
LG Twins -3.5,KBO-MOVY-FG-00NAPLA9PJON7BG-LGNS000-GTE-P00035,Settled Early,06/18/26 09:55:23.111 AM EDT,$0.00
Over 11.5,KBO-TRUNS-FG-00NAPLA9PJON7BG-GTE-P00115,Settled Early,06/18/26 09:55:53.224 AM EDT,$0.00
Over 14.5,KBO-TRUNS-FG-00NAPLA9PJON7BG-GTE-P00145,Settled Early,06/18/26 09:55:53.487 AM EDT,$0.00
Over 15.5,KBO-TRUNS-FG-00NAPLA9PJON7BG-GTE-P00155,Settled Early,06/18/26 09:55:53.702 AM EDT,$0.00
Over 13.5,KBO-TRUNS-FG-00NAPLA9PJON7BG-GTE-P00135,Settled Early,06/18/26 09:55:53.924 AM EDT,$0.00
Over 10.5,KBO-TRUNS-FG-00NAPLA9PJON7BG-GTE-P00105,Settled Early,06/18/26 09:55:54.139 AM EDT,$0.00
Over 7.5,KBO-TRUNS-FG-00NAPLA9PJON7BG-GTE-P00075,Settled Early,06/18/26 09:55:54.356 AM EDT,$0.00
Over 12.5,KBO-TRUNS-FG-00NAPLA9PJON7BG-GTE-P00125,Settled Early,06/18/26 09:55:54.597 AM EDT,$0.00
Over 9.5,KBO-TRUNS-FG-00NAPLA9PJON7BG-GTE-P00095,Settled Early,06/18/26 09:55:54.812 AM EDT,$0.00
Over 8.5,KBO-TRUNS-FG-00NAPLA9PJON7BG-GTE-P00085,Settled Early,06/18/26 09:55:54.989 AM EDT,$0.00
Over 6.5,KBO-TRUNS-FG-00NAPLA9PJON7BG-GTE-P00065,Settled Early,06/18/26 09:55:55.198 AM EDT,$0.00
Over 9.5,KBO-TRUNS-FG-00NAPLBSPJON7PG-GTE-P00095,Settled Early,06/18/26 09:56:42.301 AM EDT,$0.00
Over 5.5,KBO-TRUNS-FG-00NAPLBSPJON7PG-GTE-P00055,Settled Early,06/18/26 09:56:42.585 AM EDT,$0.00
Over 6.5,KBO-TRUNS-FG-00NAPLBSPJON7PG-GTE-P00065,Settled Early,06/18/26 09:56:42.812 AM EDT,$0.00
Over 14.5,KBO-TRUNS-FG-00NAPLBSPJON7PG-GTE-P00145,Settled Early,06/18/26 09:56:43.041 AM EDT,$0.00
Over 12.5,KBO-TRUNS-FG-00NAPLBSPJON7PG-GTE-P00125,Settled Early,06/18/26 09:56:43.276 AM EDT,$0.00
Over 4.5,KBO-TRUNS-FG-00NAPLBSPJON7PG-GTE-P00045,Settled Early,06/18/26 09:56:43.510 AM EDT,$0.00
Over 13.5,KBO-TRUNS-FG-00NAPLBSPJON7PG-GTE-P00135,Settled Early,06/18/26 09:56:43.724 AM EDT,$0.00
Over 10.5,KBO-TRUNS-FG-00NAPLBSPJON7PG-GTE-P00105,Settled Early,06/18/26 09:56:43.921 AM EDT,$0.00
Over 8.5,KBO-TRUNS-FG-00NAPLBSPJON7PG-GTE-P00085,Settled Early,06/18/26 09:56:44.124 AM EDT,$0.00
Over 15.5,KBO-TRUNS-FG-00NAPLBSPJON7PG-GTE-P00155,Settled Early,06/18/26 09:56:44.346 AM EDT,$0.00
Over 7.5,KBO-TRUNS-FG-00NAPLBSPJON7PG-GTE-P00075,Settled Early,06/18/26 09:56:44.548 AM EDT,$0.00
Over 11.5,KBO-TRUNS-FG-00NAPLBSPJON7PG-GTE-P00115,Settled Early,06/18/26 09:56:44.720 AM EDT,$0.00
LG Twins,KBO-WIN-FG-00NAPLA9PJON7BG-LGNS000,Settled Early,06/18/26 09:57:22.254 AM EDT,$0.00
KIA Tigers,KBO-WIN-FG-00NAPLA9PJON7BG-KIRS000,Settled Early,06/18/26 09:57:22.515 AM EDT,$1.00
STL Cardinals -1.5,MLB-MOVY-IT5-03I5UAGKELJH9OG-STLS000-GTE-P00015,Settled Early,06/18/26 02:11:29.823 PM EDT,$0.00
SD Padres -0.5,MLB-MOVY-IT5-03I5UAGKELJH9OG-SDES000-GTE-P00005,Settled Early,06/18/26 02:11:46.121 PM EDT,$1.00
STL Cardinals -3.5,MLB-MOVY-IT5-03I5UAGKELJH9OG-STLS000-GTE-P00035,Settled Early,06/18/26 02:11:53.071 PM EDT,$0.00
SD Padres -1.5,MLB-MOVY-IT5-03I5UAGKELJH9OG-SDES000-GTE-P00015,Settled Early,06/18/26 02:11:57.412 PM EDT,$1.00
STL Cardinals -4.5,MLB-MOVY-IT5-03I5UAGKELJH9OG-STLS000-GTE-P00045,Settled Early,06/18/26 02:12:01.416 PM EDT,$0.00
STL Cardinals -0.5,MLB-MOVY-IT5-03I5UAGKELJH9OG-STLS000-GTE-P00005,Settled Early,06/18/26 02:12:05.556 PM EDT,$0.00
STL Cardinals,MLB-WIN-IT5-03I5UAGKELJH9OG-STLS000,Settled Early,06/18/26 02:12:16.526 PM EDT,$0.00
SD Padres,MLB-WIN-IT5-03I5UAGKELJH9OG-SDES000,Settled Early,06/18/26 02:12:34.566 PM EDT,$1.00
Over 6.5,MLB-TRUNS-IT5-03I5UAGKELJH9OG-GTE-P00065,Settled Early,06/18/26 02:13:20.957 PM EDT,$0.00
SD Padres -3.5,MLB-MOVY-IT5-03I5UAGKELJH9OG-SDES000-GTE-P00035,Settled Early,06/18/26 02:17:41.818 PM EDT,$0.00
SD Padres -2.5,MLB-MOVY-IT5-03I5UAGKELJH9OG-SDES000-GTE-P00025,Settled Early,06/18/26 02:17:47.160 PM EDT,$0.00
SD Padres -4.5,MLB-MOVY-IT5-03I5UAGKELJH9OG-SDES000-GTE-P00045,Settled Early,06/18/26 02:17:52.750 PM EDT,$0.00
DET Tigers -3.5,MLB-MOVY-FG-03I5UAGSELJH870-DERS000-GTE-P00035,Settled Early,06/18/26 02:22:09.711 PM EDT,$0.00
HOU Astros -2.5,MLB-MOVY-FG-03I5UAGSELJH870-HOOS000-GTE-P00025,Settled Early,06/18/26 02:22:09.995 PM EDT,$0.00
HOU Astros -3.5,MLB-MOVY-FG-03I5UAGSELJH870-HOOS000-GTE-P00035,Settled Early,06/18/26 02:22:10.227 PM EDT,$0.00
HOU Astros -0.5,MLB-MOVY-FG-03I5UAGSELJH870-HOOS000-GTE-P00005,Settled Early,06/18/26 02:22:10.469 PM EDT,$1.00
DET Tigers -4.5,MLB-MOVY-FG-03I5UAGSELJH870-DERS000-GTE-P00045,Settled Early,06/18/26 02:22:10.673 PM EDT,$0.00
DET Tigers -5.5,MLB-MOVY-FG-03I5UAGSELJH870-DERS000-GTE-P00055,Settled Early,06/18/26 02:22:10.865 PM EDT,$0.00
HOU Astros -4.5,MLB-MOVY-FG-03I5UAGSELJH870-HOOS000-GTE-P00045,Settled Early,06/18/26 02:22:11.090 PM EDT,$0.00
HOU Astros -5.5,MLB-MOVY-FG-03I5UAGSELJH870-HOOS000-GTE-P00055,Settled Early,06/18/26 02:22:11.282 PM EDT,$0.00
HOU Astros -7.5,MLB-MOVY-FG-03I5UAGSELJH870-HOOS000-GTE-P00075,Settled Early,06/18/26 02:22:11.483 PM EDT,$0.00
DET Tigers -2.5,MLB-MOVY-FG-03I5UAGSELJH870-DERS000-GTE-P00025,Settled Early,06/18/26 02:22:11.694 PM EDT,$0.00
DET Tigers -0.5,MLB-MOVY-FG-03I5UAGSELJH870-DERS000-GTE-P00005,Settled Early,06/18/26 02:22:11.870 PM EDT,$0.00
DET Tigers -1.5,MLB-MOVY-FG-03I5UAGSELJH870-DERS000-GTE-P00015,Settled Early,06/18/26 02:22:12.048 PM EDT,$0.00
DET Tigers -6.5,MLB-MOVY-FG-03I5UAGSELJH870-DERS000-GTE-P00065,Settled Early,06/18/26 02:22:12.247 PM EDT,$0.00
HOU Astros -6.5,MLB-MOVY-FG-03I5UAGSELJH870-HOOS000-GTE-P00065,Settled Early,06/18/26 02:22:12.460 PM EDT,$0.00
HOU Astros -1.5,MLB-MOVY-FG-03I5UAGSELJH870-HOOS000-GTE-P00015,Settled Early,06/18/26 02:22:12.641 PM EDT,$1.00
DET Tigers -7.5,MLB-MOVY-FG-03I5UAGSELJH870-DERS000-GTE-P00075,Settled Early,06/18/26 02:22:12.837 PM EDT,$0.00
Over 7.5,MLB-TRUNS-IT5-03I5UAGSELJH870-GTE-P00075,Settled Early,06/18/26 02:23:32.761 PM EDT,$0.00
Over 8.5,MLB-TRUNS-IT5-03I5UAGSELJH870-GTE-P00085,Settled Early,06/18/26 02:23:33.049 PM EDT,$0.00
Over 9.5,MLB-TRUNS-IT5-03I5UAGSELJH870-GTE-P00095,Settled Early,06/18/26 02:23:33.255 PM EDT,$0.00
Over 1.5,MLB-TRUNS-IT5-03I5UAGSELJH870-GTE-P00015,Settled Early,06/18/26 02:23:33.467 PM EDT,$1.00
Over 10.5,MLB-TRUNS-IT5-03I5UAGSELJH870-GTE-P00105,Settled Early,06/18/26 02:23:33.851 PM EDT,$0.00
Over 2.5,MLB-TRUNS-IT5-03I5UAGSELJH870-GTE-P00025,Settled Early,06/18/26 02:23:34.188 PM EDT,$1.00
Over 6.5,MLB-TRUNS-IT5-03I5UAGSELJH870-GTE-P00065,Settled Early,06/18/26 02:23:34.510 PM EDT,$0.00
Over 3.5,MLB-TRUNS-IT5-03I5UAGSELJH870-GTE-P00035,Settled Early,06/18/26 02:23:34.764 PM EDT,$1.00
Over 0.5,MLB-TRUNS-IT5-03I5UAGSELJH870-GTE-P00005,Settled Early,06/18/26 02:23:35.055 PM EDT,$1.00
Over 5.5,MLB-TRUNS-IT5-03I5UAGSELJH870-GTE-P00055,Settled Early,06/18/26 02:23:35.267 PM EDT,$1.00
Over 4.5,MLB-TRUNS-IT5-03I5UAGSELJH870-GTE-P00045,Settled Early,06/18/26 02:23:35.457 PM EDT,$1.00
HOU Astros -4.5,MLB-MOVY-IT5-03I5UAGSELJH870-HOOS000-GTE-P00045,Settled Early,06/18/26 02:24:00.460 PM EDT,$0.00
HOU Astros -3.5,MLB-MOVY-IT5-03I5UAGSELJH870-HOOS000-GTE-P00035,Settled Early,06/18/26 02:24:00.701 PM EDT,$0.00
DET Tigers -1.5,MLB-MOVY-IT5-03I5UAGSELJH870-DERS000-GTE-P00015,Settled Early,06/18/26 02:24:00.922 PM EDT,$0.00
DET Tigers -4.5,MLB-MOVY-IT5-03I5UAGSELJH870-DERS000-GTE-P00045,Settled Early,06/18/26 02:24:01.121 PM EDT,$0.00
HOU Astros -2.5,MLB-MOVY-IT5-03I5UAGSELJH870-HOOS000-GTE-P00025,Settled Early,06/18/26 02:24:01.352 PM EDT,$1.00
DET Tigers -2.5,MLB-MOVY-IT5-03I5UAGSELJH870-DERS000-GTE-P00025,Settled Early,06/18/26 02:24:01.579 PM EDT,$0.00
HOU Astros -1.5,MLB-MOVY-IT5-03I5UAGSELJH870-HOOS000-GTE-P00015,Settled Early,06/18/26 02:24:01.803 PM EDT,$1.00
HOU Astros -0.5,MLB-MOVY-IT5-03I5UAGSELJH870-HOOS000-GTE-P00005,Settled Early,06/18/26 02:24:02.011 PM EDT,$1.00
DET Tigers -0.5,MLB-MOVY-IT5-03I5UAGSELJH870-DERS000-GTE-P00005,Settled Early,06/18/26 02:24:02.194 PM EDT,$0.00
DET Tigers -3.5,MLB-MOVY-IT5-03I5UAGSELJH870-DERS000-GTE-P00035,Settled Early,06/18/26 02:24:02.463 PM EDT,$0.00
STL Cardinals -2.5,MLB-MOVY-IT5-03I5UAGKELJH9OG-STLS000-GTE-P00025,Settled Early,06/18/26 02:24:31.158 PM EDT,$0.00
STL Cardinals -7.5,MLB-MOVY-FG-03I5UAGKELJH9OG-STLS000-GTE-P00075,Settled Early,06/18/26 02:25:12.029 PM EDT,$0.00
STL Cardinals -4.5,MLB-MOVY-FG-03I5UAGKELJH9OG-STLS000-GTE-P00045,Settled Early,06/18/26 02:25:12.274 PM EDT,$0.00
SD Padres -5.5,MLB-MOVY-FG-03I5UAGKELJH9OG-SDES000-GTE-P00055,Settled Early,06/18/26 02:25:12.504 PM EDT,$0.00
STL Cardinals -2.5,MLB-MOVY-FG-03I5UAGKELJH9OG-STLS000-GTE-P00025,Settled Early,06/18/26 02:25:12.739 PM EDT,$0.00
SD Padres -2.5,MLB-MOVY-FG-03I5UAGKELJH9OG-SDES000-GTE-P00025,Settled Early,06/18/26 02:25:12.981 PM EDT,$1.00
SD Padres -3.5,MLB-MOVY-FG-03I5UAGKELJH9OG-SDES000-GTE-P00035,Settled Early,06/18/26 02:25:13.175 PM EDT,$1.00
STL Cardinals -0.5,MLB-MOVY-FG-03I5UAGKELJH9OG-STLS000-GTE-P00005,Settled Early,06/18/26 02:25:13.419 PM EDT,$0.00
SD Padres -1.5,MLB-MOVY-FG-03I5UAGKELJH9OG-SDES000-GTE-P00015,Settled Early,06/18/26 02:25:13.618 PM EDT,$1.00
SD Padres -4.5,MLB-MOVY-FG-03I5UAGKELJH9OG-SDES000-GTE-P00045,Settled Early,06/18/26 02:25:13.853 PM EDT,$1.00
SD Padres -7.5,MLB-MOVY-FG-03I5UAGKELJH9OG-SDES000-GTE-P00075,Settled Early,06/18/26 02:25:14.036 PM EDT,$0.00
STL Cardinals -3.5,MLB-MOVY-FG-03I5UAGKELJH9OG-STLS000-GTE-P00035,Settled Early,06/18/26 02:25:14.243 PM EDT,$0.00
STL Cardinals -6.5,MLB-MOVY-FG-03I5UAGKELJH9OG-STLS000-GTE-P00065,Settled Early,06/18/26 02:25:14.446 PM EDT,$0.00
STL Cardinals -5.5,MLB-MOVY-FG-03I5UAGKELJH9OG-STLS000-GTE-P00055,Settled Early,06/18/26 02:25:14.653 PM EDT,$0.00
SD Padres -0.5,MLB-MOVY-FG-03I5UAGKELJH9OG-SDES000-GTE-P00005,Settled Early,06/18/26 02:25:14.858 PM EDT,$1.00
STL Cardinals -1.5,MLB-MOVY-FG-03I5UAGKELJH9OG-STLS000-GTE-P00015,Settled Early,06/18/26 02:25:15.053 PM EDT,$0.00
SD Padres -6.5,MLB-MOVY-FG-03I5UAGKELJH9OG-SDES000-GTE-P00065,Settled Early,06/18/26 02:25:15.231 PM EDT,$0.00
Over 3.5,MLB-TRUNS-FG-03I5UAGKELJH9OG-GTE-P00035,Settled Early,06/18/26 02:25:58.747 PM EDT,$1.00
Over 15.5,MLB-TRUNS-FG-03I5UAGKELJH9OG-GTE-P00155,Settled Early,06/18/26 02:25:58.999 PM EDT,$0.00
Over 14.5,MLB-TRUNS-FG-03I5UAGKELJH9OG-GTE-P00145,Settled Early,06/18/26 02:25:59.210 PM EDT,$0.00
Over 11.5,MLB-TRUNS-FG-03I5UAGKELJH9OG-GTE-P00115,Settled Early,06/18/26 02:25:59.449 PM EDT,$0.00
Over 8.5,MLB-TRUNS-FG-03I5UAGKELJH9OG-GTE-P00085,Settled Early,06/18/26 02:25:59.667 PM EDT,$0.00
Over 13.5,MLB-TRUNS-FG-03I5UAGKELJH9OG-GTE-P00135,Settled Early,06/18/26 02:25:59.890 PM EDT,$0.00
Over 12.5,MLB-TRUNS-FG-03I5UAGKELJH9OG-GTE-P00125,Settled Early,06/18/26 02:26:00.125 PM EDT,$0.00
Over 5.5,MLB-TRUNS-FG-03I5UAGKELJH9OG-GTE-P00055,Settled Early,06/18/26 02:26:00.335 PM EDT,$1.00
Over 9.5,MLB-TRUNS-FG-03I5UAGKELJH9OG-GTE-P00095,Settled Early,06/18/26 02:26:00.527 PM EDT,$0.00
Over 10.5,MLB-TRUNS-FG-03I5UAGKELJH9OG-GTE-P00105,Settled Early,06/18/26 02:26:00.710 PM EDT,$0.00
Over 6.5,MLB-TRUNS-FG-03I5UAGKELJH9OG-GTE-P00065,Settled Early,06/18/26 02:26:00.908 PM EDT,$1.00
Over 7.5,MLB-TRUNS-FG-03I5UAGKELJH9OG-GTE-P00075,Settled Early,06/18/26 02:26:01.112 PM EDT,$0.00
Over 4.5,MLB-TRUNS-FG-03I5UAGKELJH9OG-GTE-P00045,Settled Early,06/18/26 02:26:01.332 PM EDT,$1.00
STL Cardinals,MLB-WIN-FG-03I5UAGKELJH9OG-STLS000,Settled Early,06/18/26 02:26:12.575 PM EDT,$0.00
SD Padres,MLB-WIN-FG-03I5UAGKELJH9OG-SDES000,Settled Early,06/18/26 02:26:12.802 PM EDT,$1.00
Over 5.5,MLB-TRUNS-IT5-03I5UAGKELJH9OG-GTE-P00055,Settled Early,06/18/26 02:26:28.679 PM EDT,$0.00
Over 9.5,MLB-TRUNS-IT5-03I5UAGKELJH9OG-GTE-P00095,Settled Early,06/18/26 02:26:40.701 PM EDT,$0.00
Over 8.5,MLB-TRUNS-IT5-03I5UAGKELJH9OG-GTE-P00085,Settled Early,06/18/26 02:26:41.331 PM EDT,$0.00
Over 0.5,MLB-TRUNS-IT5-03I5UAGKELJH9OG-GTE-P00005,Settled Early,06/18/26 02:26:58.815 PM EDT,$1.00
Over 1.5,MLB-TRUNS-IT5-03I5UAGKELJH9OG-GTE-P00015,Settled Early,06/18/26 02:27:47.783 PM EDT,$1.00
Over 3.5,MLB-TRUNS-IT5-03I5UAGKELJH9OG-GTE-P00035,Settled Early,06/18/26 02:28:10.176 PM EDT,$1.00
Over 7.5,MLB-TRUNS-IT5-03I5UAGKELJH9OG-GTE-P00075,Settled Early,06/18/26 02:28:33.418 PM EDT,$0.00
Over 2.5,MLB-TRUNS-IT5-03I5UAGKELJH9OG-GTE-P00025,Settled Early,06/18/26 02:28:36.577 PM EDT,$1.00
Over 10.5,MLB-TRUNS-IT5-03I5UAGKELJH9OG-GTE-P00105,Settled Early,06/18/26 02:28:49.607 PM EDT,$0.00
Over 4.5,MLB-TRUNS-IT5-03I5UAGKELJH9OG-GTE-P00045,Settled Early,06/18/26 02:28:57.775 PM EDT,$0.00
NY Mets -5.5,MLB-MOVY-FG-03I5V0V3ELJIN40-NYTS000-GTE-P00055,Settled Early,06/18/26 02:30:38.166 PM EDT,$1.00
CIN Reds -7.5,MLB-MOVY-FG-03I5V0V3ELJIN40-CIDS000-GTE-P00075,Settled Early,06/18/26 02:30:38.419 PM EDT,$0.00
NY Mets -0.5,MLB-MOVY-FG-03I5V0V3ELJIN40-NYTS000-GTE-P00005,Settled Early,06/18/26 02:30:38.625 PM EDT,$1.00
NY Mets -3.5,MLB-MOVY-FG-03I5V0V3ELJIN40-NYTS000-GTE-P00035,Settled Early,06/18/26 02:30:38.848 PM EDT,$1.00
CIN Reds -5.5,MLB-MOVY-FG-03I5V0V3ELJIN40-CIDS000-GTE-P00055,Settled Early,06/18/26 02:30:39.030 PM EDT,$0.00
NY Mets -2.5,MLB-MOVY-FG-03I5V0V3ELJIN40-NYTS000-GTE-P00025,Settled Early,06/18/26 02:30:39.232 PM EDT,$1.00
NY Mets -7.5,MLB-MOVY-FG-03I5V0V3ELJIN40-NYTS000-GTE-P00075,Settled Early,06/18/26 02:30:39.446 PM EDT,$0.00
CIN Reds -3.5,MLB-MOVY-FG-03I5V0V3ELJIN40-CIDS000-GTE-P00035,Settled Early,06/18/26 02:30:39.649 PM EDT,$0.00
CIN Reds -1.5,MLB-MOVY-FG-03I5V0V3ELJIN40-CIDS000-GTE-P00015,Settled Early,06/18/26 02:30:39.829 PM EDT,$0.00
NY Mets -6.5,MLB-MOVY-FG-03I5V0V3ELJIN40-NYTS000-GTE-P00065,Settled Early,06/18/26 02:30:40.008 PM EDT,$0.00
NY Mets -4.5,MLB-MOVY-FG-03I5V0V3ELJIN40-NYTS000-GTE-P00045,Settled Early,06/18/26 02:30:40.189 PM EDT,$1.00
CIN Reds -6.5,MLB-MOVY-FG-03I5V0V3ELJIN40-CIDS000-GTE-P00065,Settled Early,06/18/26 02:30:40.365 PM EDT,$0.00
CIN Reds -4.5,MLB-MOVY-FG-03I5V0V3ELJIN40-CIDS000-GTE-P00045,Settled Early,06/18/26 02:30:40.567 PM EDT,$0.00
NY Mets -1.5,MLB-MOVY-FG-03I5V0V3ELJIN40-NYTS000-GTE-P00015,Settled Early,06/18/26 02:30:40.761 PM EDT,$1.00
CIN Reds -0.5,MLB-MOVY-FG-03I5V0V3ELJIN40-CIDS000-GTE-P00005,Settled Early,06/18/26 02:30:40.969 PM EDT,$0.00
CIN Reds -2.5,MLB-MOVY-FG-03I5V0V3ELJIN40-CIDS000-GTE-P00025,Settled Early,06/18/26 02:30:41.179 PM EDT,$0.00
MIL Brewers -3.5,MLB-MOVY-IT5-01DU6SVPTMPV5SG-MIRS000-GTE-P00035,Settled Early,06/18/26 03:50:27.128 PM EDT,$0.00
CLE Guardians,MLB-WIN-IT5-01DU6SVPTMPV5SG-CLNS000,Settled Early,06/18/26 03:50:54.881 PM EDT,$0.00
Over 8.5,MLB-TRUNS-IT5-01DU6SVPTMPV5SG-GTE-P00085,Settled Early,06/18/26 03:51:18.981 PM EDT,$0.00
MIL Brewers -0.5,MLB-MOVY-IT5-01DU6SVPTMPV5SG-MIRS000-GTE-P00005,Settled Early,06/18/26 03:52:16.342 PM EDT,$1.00
CLE Guardians -3.5,MLB-MOVY-IT5-01DU6SVPTMPV5SG-CLNS000-GTE-P00035,Settled Early,06/18/26 03:53:30.013 PM EDT,$0.00
Over 1.5,MLB-TRUNS-IT5-01DU6SUHTMPV4CO-GTE-P00015,Settled Early,06/18/26 03:54:24.548 PM EDT,$1.00
Over 0.5,MLB-TRUNS-IT5-01DU6SUHTMPV4CO-GTE-P00005,Settled Early,06/18/26 04:18:08.598 PM EDT,$1.00
Over 2.5,MLB-TRUNS-IT5-01DU6SUHTMPV4CO-GTE-P00025,Settled Early,06/18/26 04:29:09.156 PM EDT,$0.00
Over 10.5,MLB-TRUNS-IT5-01DU6SUHTMPV4CO-GTE-P00105,Settled Early,06/18/26 04:44:54.716 PM EDT,$0.00
Over 9.5,MLB-TRUNS-IT5-01DU6SUHTMPV4CO-GTE-P00095,Settled Early,06/18/26 04:44:55.013 PM EDT,$0.00
Over 8.5,MLB-TRUNS-IT5-01DU6SUHTMPV4CO-GTE-P00085,Settled Early,06/18/26 04:44:55.194 PM EDT,$0.00
Over 7.5,MLB-TRUNS-IT5-01DU6SUHTMPV4CO-GTE-P00075,Settled Early,06/18/26 04:44:55.399 PM EDT,$0.00
Over 6.5,MLB-TRUNS-IT5-01DU6SUHTMPV4CO-GTE-P00065,Settled Early,06/18/26 04:44:55.595 PM EDT,$0.00
Over 5.5,MLB-TRUNS-IT5-01DU6SUHTMPV4CO-GTE-P00055,Settled Early,06/18/26 04:44:55.795 PM EDT,$0.00
Over 4.5,MLB-TRUNS-IT5-01DU6SUHTMPV4CO-GTE-P00045,Settled Early,06/18/26 04:44:55.993 PM EDT,$0.00
Over 3.5,MLB-TRUNS-IT5-01DU6SUHTMPV4CO-GTE-P00035,Settled Early,06/18/26 04:44:56.184 PM EDT,$0.00
BOS Red Sox,MLB-WIN-IT5-01DU6SUHTMPV4CO-BOOX000,Settled Early,06/18/26 04:45:17.628 PM EDT,$0.00
TOR Blue Jays,MLB-WIN-IT5-01DU6SUHTMPV4CO-TOYS000,Settled Early,06/18/26 04:45:17.928 PM EDT,$1.00
BOS Red Sox -3.5,MLB-MOVY-IT5-01DU6SUHTMPV4CO-BOOX000-GTE-P00035,Settled Early,06/18/26 04:48:07.784 PM EDT,$0.00
TOR Blue Jays -0.5,MLB-MOVY-IT5-01DU6SUHTMPV4CO-TOYS000-GTE-P00005,Settled Early,06/18/26 04:48:08.052 PM EDT,$1.00
TOR Blue Jays -1.5,MLB-MOVY-IT5-01DU6SUHTMPV4CO-TOYS000-GTE-P00015,Settled Early,06/18/26 04:48:08.258 PM EDT,$1.00
TOR Blue Jays -2.5,MLB-MOVY-IT5-01DU6SUHTMPV4CO-TOYS000-GTE-P00025,Settled Early,06/18/26 04:48:08.467 PM EDT,$0.00
TOR Blue Jays -3.5,MLB-MOVY-IT5-01DU6SUHTMPV4CO-TOYS000-GTE-P00035,Settled Early,06/18/26 04:48:08.667 PM EDT,$0.00
TOR Blue Jays -4.5,MLB-MOVY-IT5-01DU6SUHTMPV4CO-TOYS000-GTE-P00045,Settled Early,06/18/26 04:48:08.884 PM EDT,$0.00
BOS Red Sox -0.5,MLB-MOVY-IT5-01DU6SUHTMPV4CO-BOOX000-GTE-P00005,Settled Early,06/18/26 04:48:09.059 PM EDT,$0.00
BOS Red Sox -1.5,MLB-MOVY-IT5-01DU6SUHTMPV4CO-BOOX000-GTE-P00015,Settled Early,06/18/26 04:48:09.265 PM EDT,$0.00
BOS Red Sox -2.5,MLB-MOVY-IT5-01DU6SUHTMPV4CO-BOOX000-GTE-P00025,Settled Early,06/18/26 04:48:09.474 PM EDT,$0.00
BOS Red Sox -4.5,MLB-MOVY-IT5-01DU6SUHTMPV4CO-BOOX000-GTE-P00045,Settled Early,06/18/26 04:48:09.675 PM EDT,$0.00
TOR Blue Jays -4.5,MLB-MOVY-FG-01DU6SUHTMPV4CO-TOYS000-GTE-P00045,Settled Early,06/18/26 04:48:24.287 PM EDT,$0.00
BOS Red Sox -4.5,MLB-MOVY-FG-01DU6SUHTMPV4CO-BOOX000-GTE-P00045,Settled Early,06/18/26 04:48:24.503 PM EDT,$0.00
BOS Red Sox -5.5,MLB-MOVY-FG-01DU6SUHTMPV4CO-BOOX000-GTE-P00055,Settled Early,06/18/26 04:48:24.705 PM EDT,$0.00
TOR Blue Jays -7.5,MLB-MOVY-FG-01DU6SUHTMPV4CO-TOYS000-GTE-P00075,Settled Early,06/18/26 04:48:24.897 PM EDT,$0.00
BOS Red Sox -2.5,MLB-MOVY-FG-01DU6SUHTMPV4CO-BOOX000-GTE-P00025,Settled Early,06/18/26 04:48:25.099 PM EDT,$0.00
TOR Blue Jays -0.5,MLB-MOVY-FG-01DU6SUHTMPV4CO-TOYS000-GTE-P00005,Settled Early,06/18/26 04:48:25.276 PM EDT,$1.00
TOR Blue Jays -1.5,MLB-MOVY-FG-01DU6SUHTMPV4CO-TOYS000-GTE-P00015,Settled Early,06/18/26 04:48:25.472 PM EDT,$0.00
TOR Blue Jays -2.5,MLB-MOVY-FG-01DU6SUHTMPV4CO-TOYS000-GTE-P00025,Settled Early,06/18/26 04:48:25.677 PM EDT,$0.00
TOR Blue Jays -3.5,MLB-MOVY-FG-01DU6SUHTMPV4CO-TOYS000-GTE-P00035,Settled Early,06/18/26 04:48:25.870 PM EDT,$0.00
TOR Blue Jays -5.5,MLB-MOVY-FG-01DU6SUHTMPV4CO-TOYS000-GTE-P00055,Settled Early,06/18/26 04:48:26.042 PM EDT,$0.00
TOR Blue Jays -6.5,MLB-MOVY-FG-01DU6SUHTMPV4CO-TOYS000-GTE-P00065,Settled Early,06/18/26 04:48:26.210 PM EDT,$0.00
BOS Red Sox -0.5,MLB-MOVY-FG-01DU6SUHTMPV4CO-BOOX000-GTE-P00005,Settled Early,06/18/26 04:48:26.416 PM EDT,$0.00
BOS Red Sox -1.5,MLB-MOVY-FG-01DU6SUHTMPV4CO-BOOX000-GTE-P00015,Settled Early,06/18/26 04:48:26.594 PM EDT,$0.00
BOS Red Sox -3.5,MLB-MOVY-FG-01DU6SUHTMPV4CO-BOOX000-GTE-P00035,Settled Early,06/18/26 04:48:26.770 PM EDT,$0.00
BOS Red Sox -6.5,MLB-MOVY-FG-01DU6SUHTMPV4CO-BOOX000-GTE-P00065,Settled Early,06/18/26 04:48:26.967 PM EDT,$0.00
BOS Red Sox -7.5,MLB-MOVY-FG-01DU6SUHTMPV4CO-BOOX000-GTE-P00075,Settled Early,06/18/26 04:48:27.139 PM EDT,$0.00
BOS Red Sox,MLB-WIN-FG-01DU6SUHTMPV4CO-BOOX000,Settled Early,06/18/26 04:48:34.723 PM EDT,$0.00
TOR Blue Jays,MLB-WIN-FG-01DU6SUHTMPV4CO-TOYS000,Settled Early,06/18/26 04:48:34.890 PM EDT,$1.00
Over 14.5,MLB-TRUNS-FG-01DU6SUHTMPV4CO-GTE-P00145,Settled Early,06/18/26 04:48:47.518 PM EDT,$0.00
Over 5.5,MLB-TRUNS-FG-01DU6SUHTMPV4CO-GTE-P00055,Settled Early,06/18/26 04:48:47.721 PM EDT,$1.00
Over 9.5,MLB-TRUNS-FG-01DU6SUHTMPV4CO-GTE-P00095,Settled Early,06/18/26 04:48:47.938 PM EDT,$0.00
Over 11.5,MLB-TRUNS-FG-01DU6SUHTMPV4CO-GTE-P00115,Settled Early,06/18/26 04:48:48.144 PM EDT,$0.00
Over 15.5,MLB-TRUNS-FG-01DU6SUHTMPV4CO-GTE-P00155,Settled Early,06/18/26 04:48:48.346 PM EDT,$0.00
Over 13.5,MLB-TRUNS-FG-01DU6SUHTMPV4CO-GTE-P00135,Settled Early,06/18/26 04:48:48.547 PM EDT,$0.00
Over 4.5,MLB-TRUNS-FG-01DU6SUHTMPV4CO-GTE-P00045,Settled Early,06/18/26 04:48:48.741 PM EDT,$1.00
Over 3.5,MLB-TRUNS-FG-01DU6SUHTMPV4CO-GTE-P00035,Settled Early,06/18/26 04:48:48.950 PM EDT,$1.00
Over 6.5,MLB-TRUNS-FG-01DU6SUHTMPV4CO-GTE-P00065,Settled Early,06/18/26 04:48:49.127 PM EDT,$1.00
Over 7.5,MLB-TRUNS-FG-01DU6SUHTMPV4CO-GTE-P00075,Settled Early,06/18/26 04:48:49.326 PM EDT,$0.00
Over 8.5,MLB-TRUNS-FG-01DU6SUHTMPV4CO-GTE-P00085,Settled Early,06/18/26 04:48:49.506 PM EDT,$0.00
Over 10.5,MLB-TRUNS-FG-01DU6SUHTMPV4CO-GTE-P00105,Settled Early,06/18/26 04:48:49.726 PM EDT,$0.00
Over 12.5,MLB-TRUNS-FG-01DU6SUHTMPV4CO-GTE-P00125,Settled Early,06/18/26 04:48:49.900 PM EDT,$0.00
CLE Guardians -1.5,MLB-MOVY-IT5-01DU6SVPTMPV5SG-CLNS000-GTE-P00015,Settled Early,06/18/26 04:50:55.034 PM EDT,$0.00
MIL Brewers -1.5,MLB-MOVY-IT5-01DU6SVPTMPV5SG-MIRS000-GTE-P00015,Settled Early,06/18/26 04:50:55.310 PM EDT,$0.00
MIL Brewers -4.5,MLB-MOVY-IT5-01DU6SVPTMPV5SG-MIRS000-GTE-P00045,Settled Early,06/18/26 04:50:55.514 PM EDT,$0.00
CLE Guardians -0.5,MLB-MOVY-IT5-01DU6SVPTMPV5SG-CLNS000-GTE-P00005,Settled Early,06/18/26 04:50:55.726 PM EDT,$0.00
CLE Guardians -2.5,MLB-MOVY-IT5-01DU6SVPTMPV5SG-CLNS000-GTE-P00025,Settled Early,06/18/26 04:50:55.927 PM EDT,$0.00
CLE Guardians -4.5,MLB-MOVY-IT5-01DU6SVPTMPV5SG-CLNS000-GTE-P00045,Settled Early,06/18/26 04:50:56.119 PM EDT,$0.00
MIL Brewers -2.5,MLB-MOVY-IT5-01DU6SVPTMPV5SG-MIRS000-GTE-P00025,Settled Early,06/18/26 04:50:56.290 PM EDT,$0.00
MIL Brewers,MLB-WIN-IT5-01DU6SVPTMPV5SG-MIRS000,Settled Early,06/18/26 04:51:13.431 PM EDT,$1.00
Over 7.5,MLB-TRUNS-IT5-01DU6SVPTMPV5SG-GTE-P00075,Settled Early,06/18/26 04:51:47.083 PM EDT,$0.00
Over 1.5,MLB-TRUNS-IT5-01DU6SVPTMPV5SG-GTE-P00015,Settled Early,06/18/26 04:51:47.335 PM EDT,$1.00
Over 9.5,MLB-TRUNS-IT5-01DU6SVPTMPV5SG-GTE-P00095,Settled Early,06/18/26 04:51:47.543 PM EDT,$0.00
Over 0.5,MLB-TRUNS-IT5-01DU6SVPTMPV5SG-GTE-P00005,Settled Early,06/18/26 04:51:47.787 PM EDT,$1.00
Over 5.5,MLB-TRUNS-IT5-01DU6SVPTMPV5SG-GTE-P00055,Settled Early,06/18/26 04:51:48.260 PM EDT,$0.00
Over 6.5,MLB-TRUNS-IT5-01DU6SVPTMPV5SG-GTE-P00065,Settled Early,06/18/26 04:51:48.513 PM EDT,$0.00
Over 3.5,MLB-TRUNS-IT5-01DU6SVPTMPV5SG-GTE-P00035,Settled Early,06/18/26 04:51:48.720 PM EDT,$0.00
Over 4.5,MLB-TRUNS-IT5-01DU6SVPTMPV5SG-GTE-P00045,Settled Early,06/18/26 04:51:48.953 PM EDT,$0.00
Over 2.5,MLB-TRUNS-IT5-01DU6SVPTMPV5SG-GTE-P00025,Settled Early,06/18/26 04:51:49.159 PM EDT,$1.00
Over 10.5,MLB-TRUNS-IT5-01DU6SVPTMPV5SG-GTE-P00105,Settled Early,06/18/26 04:51:49.358 PM EDT,$0.00
Over 10.5,MLB-TRUNS-IT5-01DU6SU7TMPV5K0-GTE-P00105,Settled Early,06/18/26 04:52:25.327 PM EDT,$0.00
Over 2.5,MLB-TRUNS-IT5-01DU6SU7TMPV5K0-GTE-P00025,Settled Early,06/18/26 04:52:25.645 PM EDT,$1.00
Over 5.5,MLB-TRUNS-IT5-01DU6SU7TMPV5K0-GTE-P00055,Settled Early,06/18/26 04:52:25.889 PM EDT,$1.00
Over 4.5,MLB-TRUNS-IT5-01DU6SU7TMPV5K0-GTE-P00045,Settled Early,06/18/26 04:52:26.119 PM EDT,$1.00
Over 7.5,MLB-TRUNS-IT5-01DU6SU7TMPV5K0-GTE-P00075,Settled Early,06/18/26 04:52:26.355 PM EDT,$0.00
Over 0.5,MLB-TRUNS-IT5-01DU6SU7TMPV5K0-GTE-P00005,Settled Early,06/18/26 04:52:26.587 PM EDT,$1.00
Over 1.5,MLB-TRUNS-IT5-01DU6SU7TMPV5K0-GTE-P00015,Settled Early,06/18/26 04:52:26.759 PM EDT,$1.00
Over 3.5,MLB-TRUNS-IT5-01DU6SU7TMPV5K0-GTE-P00035,Settled Early,06/18/26 04:52:26.968 PM EDT,$1.00
Over 6.5,MLB-TRUNS-IT5-01DU6SU7TMPV5K0-GTE-P00065,Settled Early,06/18/26 04:52:27.164 PM EDT,$0.00
Over 8.5,MLB-TRUNS-IT5-01DU6SU7TMPV5K0-GTE-P00085,Settled Early,06/18/26 04:52:27.348 PM EDT,$0.00
Over 9.5,MLB-TRUNS-IT5-01DU6SU7TMPV5K0-GTE-P00095,Settled Early,06/18/26 04:52:27.557 PM EDT,$0.00
TEX Rangers -0.5,MLB-MOVY-IT5-01DU6SU7TMPV5K0-TERS000-GTE-P00005,Settled Early,06/18/26 04:52:50.937 PM EDT,$0.00
MIN Twins -3.5,MLB-MOVY-IT5-01DU6SU7TMPV5K0-MINS000-GTE-P00035,Settled Early,06/18/26 04:52:51.157 PM EDT,$1.00
MIN Twins -1.5,MLB-MOVY-IT5-01DU6SU7TMPV5K0-MINS000-GTE-P00015,Settled Early,06/18/26 04:52:51.370 PM EDT,$1.00
MIN Twins -0.5,MLB-MOVY-IT5-01DU6SU7TMPV5K0-MINS000-GTE-P00005,Settled Early,06/18/26 04:52:51.609 PM EDT,$1.00
MIN Twins -2.5,MLB-MOVY-IT5-01DU6SU7TMPV5K0-MINS000-GTE-P00025,Settled Early,06/18/26 04:52:51.822 PM EDT,$1.00
MIN Twins -4.5,MLB-MOVY-IT5-01DU6SU7TMPV5K0-MINS000-GTE-P00045,Settled Early,06/18/26 04:52:52.042 PM EDT,$1.00
TEX Rangers -1.5,MLB-MOVY-IT5-01DU6SU7TMPV5K0-TERS000-GTE-P00015,Settled Early,06/18/26 04:52:52.278 PM EDT,$0.00
TEX Rangers -2.5,MLB-MOVY-IT5-01DU6SU7TMPV5K0-TERS000-GTE-P00025,Settled Early,06/18/26 04:52:52.466 PM EDT,$0.00
TEX Rangers -3.5,MLB-MOVY-IT5-01DU6SU7TMPV5K0-TERS000-GTE-P00035,Settled Early,06/18/26 04:52:52.681 PM EDT,$0.00
TEX Rangers -4.5,MLB-MOVY-IT5-01DU6SU7TMPV5K0-TERS000-GTE-P00045,Settled Early,06/18/26 04:52:52.895 PM EDT,$0.00
MIN Twins,MLB-WIN-IT5-01DU6SU7TMPV5K0-MINS000,Settled Early,06/18/26 04:53:05.050 PM EDT,$1.00
TEX Rangers,MLB-WIN-IT5-01DU6SU7TMPV5K0-TERS000,Settled Early,06/18/26 04:53:05.290 PM EDT,$0.00
Over 3.5,MLB-TRUNS-FG-01DU6SVPTMPV5SG-GTE-P00035,Settled Early,06/18/26 05:19:13.193 PM EDT,$1.00
Over 5.5,MLB-TRUNS-FG-01DU6SVPTMPV5SG-GTE-P00055,Settled Early,06/18/26 05:19:13.420 PM EDT,$1.00
Over 4.5,MLB-TRUNS-FG-01DU6SVPTMPV5SG-GTE-P00045,Settled Early,06/18/26 05:19:13.601 PM EDT,$1.00
BAL Orioles -0.5,MLB-MOVY-IT5-01DU6SS4TMPV4D8-BAES000-GTE-P00005,Settled Early,06/18/26 05:35:04.173 PM EDT,$0.00
BAL Orioles -1.5,MLB-MOVY-IT5-01DU6SS4TMPV4D8-BAES000-GTE-P00015,Settled Early,06/18/26 05:35:43.008 PM EDT,$0.00
Over 0.5,MLB-TRUNS-IT5-01DU6SS4TMPV4D8-GTE-P00005,Settled Early,06/18/26 05:36:19.970 PM EDT,$1.00
Over 1.5,MLB-TRUNS-IT5-01DU6SS4TMPV4D8-GTE-P00015,Settled Early,06/18/26 05:36:20.213 PM EDT,$1.00
Over 2.5,MLB-TRUNS-IT5-01DU6SS4TMPV4D8-GTE-P00025,Settled Early,06/18/26 05:36:20.398 PM EDT,$1.00
Over 3.5,MLB-TRUNS-IT5-01DU6SS4TMPV4D8-GTE-P00035,Settled Early,06/18/26 05:36:20.620 PM EDT,$0.00
SEA Mariners,MLB-WIN-IT5-01DU6SS4TMPV4D8-SERS000,Settled Early,06/18/26 05:36:33.672 PM EDT,$1.00
BAL Orioles,MLB-WIN-IT5-01DU6SS4TMPV4D8-BAES000,Settled Early,06/18/26 05:36:34.181 PM EDT,$0.00
SEA Mariners -4.5,MLB-MOVY-IT5-01DU6SS4TMPV4D8-SERS000-GTE-P00045,Settled Early,06/18/26 05:37:07.300 PM EDT,$0.00
Over 3.5,MLB-TRUNS-FG-01DU6SU7TMPV5K0-GTE-P00035,Settled Early,06/18/26 05:40:46.313 PM EDT,$1.00
Over 4.5,MLB-TRUNS-FG-01DU6SU7TMPV5K0-GTE-P00045,Settled Early,06/18/26 05:40:46.601 PM EDT,$1.00
Over 5.5,MLB-TRUNS-FG-01DU6SU7TMPV5K0-GTE-P00055,Settled Early,06/18/26 05:40:46.814 PM EDT,$1.00
Over 6.5,MLB-TRUNS-FG-01DU6SU7TMPV5K0-GTE-P00065,Settled Early,06/18/26 05:40:46.996 PM EDT,$1.00
Over 7.5,MLB-TRUNS-FG-01DU6SU7TMPV5K0-GTE-P00075,Settled Early,06/18/26 05:40:47.207 PM EDT,$1.00
Over 8.5,MLB-TRUNS-FG-01DU6SU7TMPV5K0-GTE-P00085,Settled Early,06/18/26 05:40:47.389 PM EDT,$1.00
Over 9.5,MLB-TRUNS-FG-01DU6SU7TMPV5K0-GTE-P00095,Settled Early,06/18/26 05:40:47.570 PM EDT,$1.00
Over 10.5,MLB-TRUNS-FG-01DU6SU7TMPV5K0-GTE-P00105,Settled Early,06/18/26 05:40:47.747 PM EDT,$1.00
Over 11.5,MLB-TRUNS-FG-01DU6SU7TMPV5K0-GTE-P00115,Settled Early,06/18/26 05:40:47.926 PM EDT,$1.00
Over 10.5,MLB-TRUNS-FG-01DU6SVPTMPV5SG-GTE-P00105,Settled Early,06/18/26 05:41:32.827 PM EDT,$0.00
Over 8.5,MLB-TRUNS-FG-01DU6SVPTMPV5SG-GTE-P00085,Settled Early,06/18/26 05:41:33.008 PM EDT,$0.00
Over 7.5,MLB-TRUNS-FG-01DU6SVPTMPV5SG-GTE-P00075,Settled Early,06/18/26 05:41:33.189 PM EDT,$0.00
Over 6.5,MLB-TRUNS-FG-01DU6SVPTMPV5SG-GTE-P00065,Settled Early,06/18/26 05:41:33.378 PM EDT,$0.00
Over 15.5,MLB-TRUNS-FG-01DU6SVPTMPV5SG-GTE-P00155,Settled Early,06/18/26 05:41:33.562 PM EDT,$0.00
Over 9.5,MLB-TRUNS-FG-01DU6SVPTMPV5SG-GTE-P00095,Settled Early,06/18/26 05:41:33.753 PM EDT,$0.00
Over 11.5,MLB-TRUNS-FG-01DU6SVPTMPV5SG-GTE-P00115,Settled Early,06/18/26 05:41:33.929 PM EDT,$0.00
Over 12.5,MLB-TRUNS-FG-01DU6SVPTMPV5SG-GTE-P00125,Settled Early,06/18/26 05:41:34.107 PM EDT,$0.00
Over 13.5,MLB-TRUNS-FG-01DU6SVPTMPV5SG-GTE-P00135,Settled Early,06/18/26 05:41:34.304 PM EDT,$0.00
Over 14.5,MLB-TRUNS-FG-01DU6SVPTMPV5SG-GTE-P00145,Settled Early,06/18/26 05:41:34.484 PM EDT,$0.00
CLE Guardians -3.5,MLB-MOVY-FG-01DU6SVPTMPV5SG-CLNS000-GTE-P00035,Settled Early,06/18/26 05:42:05.725 PM EDT,$0.00
MIL Brewers -0.5,MLB-MOVY-FG-01DU6SVPTMPV5SG-MIRS000-GTE-P00005,Settled Early,06/18/26 05:42:05.994 PM EDT,$0.00
MIL Brewers -6.5,MLB-MOVY-FG-01DU6SVPTMPV5SG-MIRS000-GTE-P00065,Settled Early,06/18/26 05:42:06.189 PM EDT,$0.00
MIL Brewers -2.5,MLB-MOVY-FG-01DU6SVPTMPV5SG-MIRS000-GTE-P00025,Settled Early,06/18/26 05:42:06.409 PM EDT,$0.00
CLE Guardians -5.5,MLB-MOVY-FG-01DU6SVPTMPV5SG-CLNS000-GTE-P00055,Settled Early,06/18/26 05:42:06.615 PM EDT,$0.00
MIL Brewers -1.5,MLB-MOVY-FG-01DU6SVPTMPV5SG-MIRS000-GTE-P00015,Settled Early,06/18/26 05:42:06.824 PM EDT,$0.00
MIL Brewers -3.5,MLB-MOVY-FG-01DU6SVPTMPV5SG-MIRS000-GTE-P00035,Settled Early,06/18/26 05:42:07.030 PM EDT,$0.00
MIL Brewers -4.5,MLB-MOVY-FG-01DU6SVPTMPV5SG-MIRS000-GTE-P00045,Settled Early,06/18/26 05:42:07.239 PM EDT,$0.00
MIL Brewers -5.5,MLB-MOVY-FG-01DU6SVPTMPV5SG-MIRS000-GTE-P00055,Settled Early,06/18/26 05:42:07.438 PM EDT,$0.00
MIL Brewers -7.5,MLB-MOVY-FG-01DU6SVPTMPV5SG-MIRS000-GTE-P00075,Settled Early,06/18/26 05:42:07.645 PM EDT,$0.00
CLE Guardians -0.5,MLB-MOVY-FG-01DU6SVPTMPV5SG-CLNS000-GTE-P00005,Settled Early,06/18/26 05:42:07.841 PM EDT,$1.00
CLE Guardians -1.5,MLB-MOVY-FG-01DU6SVPTMPV5SG-CLNS000-GTE-P00015,Settled Early,06/18/26 05:42:08.047 PM EDT,$1.00
CLE Guardians -2.5,MLB-MOVY-FG-01DU6SVPTMPV5SG-CLNS000-GTE-P00025,Settled Early,06/18/26 05:42:08.247 PM EDT,$0.00
CLE Guardians -4.5,MLB-MOVY-FG-01DU6SVPTMPV5SG-CLNS000-GTE-P00045,Settled Early,06/18/26 05:42:08.419 PM EDT,$0.00
CLE Guardians -6.5,MLB-MOVY-FG-01DU6SVPTMPV5SG-CLNS000-GTE-P00065,Settled Early,06/18/26 05:42:08.585 PM EDT,$0.00
CLE Guardians -7.5,MLB-MOVY-FG-01DU6SVPTMPV5SG-CLNS000-GTE-P00075,Settled Early,06/18/26 05:42:08.757 PM EDT,$0.00
MIL Brewers,MLB-WIN-FG-01DU6SVPTMPV5SG-MIRS000,Settled Early,06/18/26 05:42:19.581 PM EDT,$0.00
CLE Guardians,MLB-WIN-FG-01DU6SVPTMPV5SG-CLNS000,Settled Early,06/18/26 05:42:19.775 PM EDT,$1.00
SEA Mariners -3.5,MLB-MOVY-IT5-01DU6SS4TMPV4D8-SERS000-GTE-P00035,Settled Early,06/18/26 05:42:40.251 PM EDT,$0.00
SEA Mariners -2.5,MLB-MOVY-IT5-01DU6SS4TMPV4D8-SERS000-GTE-P00025,Settled Early,06/18/26 05:46:08.428 PM EDT,$1.00
Over 10.5,MLB-TRUNS-IT5-01DU6SS4TMPV4D8-GTE-P00105,Settled Early,06/18/26 05:46:27.287 PM EDT,$0.00
Over 9.5,MLB-TRUNS-IT5-01DU6SS4TMPV4D8-GTE-P00095,Settled Early,06/18/26 05:50:45.427 PM EDT,$0.00
MIN Twins -4.5,MLB-MOVY-FG-01DU6SU7TMPV5K0-MINS000-GTE-P00045,Settled Early,06/18/26 06:00:36.338 PM EDT,$1.00
TEX Rangers -5.5,MLB-MOVY-FG-01DU6SU7TMPV5K0-TERS000-GTE-P00055,Settled Early,06/18/26 06:00:36.620 PM EDT,$0.00
TEX Rangers -1.5,MLB-MOVY-FG-01DU6SU7TMPV5K0-TERS000-GTE-P00015,Settled Early,06/18/26 06:00:36.826 PM EDT,$0.00
TEX Rangers -7.5,MLB-MOVY-FG-01DU6SU7TMPV5K0-TERS000-GTE-P00075,Settled Early,06/18/26 06:00:37.026 PM EDT,$0.00
MIN Twins -5.5,MLB-MOVY-FG-01DU6SU7TMPV5K0-MINS000-GTE-P00055,Settled Early,06/18/26 06:00:37.206 PM EDT,$1.00
MIN Twins -0.5,MLB-MOVY-FG-01DU6SU7TMPV5K0-MINS000-GTE-P00005,Settled Early,06/18/26 06:00:37.385 PM EDT,$1.00
MIN Twins -1.5,MLB-MOVY-FG-01DU6SU7TMPV5K0-MINS000-GTE-P00015,Settled Early,06/18/26 06:00:37.569 PM EDT,$1.00
MIN Twins -2.5,MLB-MOVY-FG-01DU6SU7TMPV5K0-MINS000-GTE-P00025,Settled Early,06/18/26 06:00:37.748 PM EDT,$1.00
MIN Twins -3.5,MLB-MOVY-FG-01DU6SU7TMPV5K0-MINS000-GTE-P00035,Settled Early,06/18/26 06:00:37.931 PM EDT,$1.00
MIN Twins -6.5,MLB-MOVY-FG-01DU6SU7TMPV5K0-MINS000-GTE-P00065,Settled Early,06/18/26 06:00:38.108 PM EDT,$0.00
MIN Twins -7.5,MLB-MOVY-FG-01DU6SU7TMPV5K0-MINS000-GTE-P00075,Settled Early,06/18/26 06:00:38.300 PM EDT,$0.00
TEX Rangers -0.5,MLB-MOVY-FG-01DU6SU7TMPV5K0-TERS000-GTE-P00005,Settled Early,06/18/26 06:00:38.502 PM EDT,$0.00
TEX Rangers -2.5,MLB-MOVY-FG-01DU6SU7TMPV5K0-TERS000-GTE-P00025,Settled Early,06/18/26 06:00:38.700 PM EDT,$0.00
TEX Rangers -3.5,MLB-MOVY-FG-01DU6SU7TMPV5K0-TERS000-GTE-P00035,Settled Early,06/18/26 06:00:38.895 PM EDT,$0.00
TEX Rangers -4.5,MLB-MOVY-FG-01DU6SU7TMPV5K0-TERS000-GTE-P00045,Settled Early,06/18/26 06:00:39.074 PM EDT,$0.00
TEX Rangers -6.5,MLB-MOVY-FG-01DU6SU7TMPV5K0-TERS000-GTE-P00065,Settled Early,06/18/26 06:00:39.243 PM EDT,$0.00
Over 15.5,MLB-TRUNS-FG-01DU6SU7TMPV5K0-GTE-P00155,Settled Early,06/18/26 06:01:01.735 PM EDT,$0.00
Over 14.5,MLB-TRUNS-FG-01DU6SU7TMPV5K0-GTE-P00145,Settled Early,06/18/26 06:01:01.939 PM EDT,$0.00
Over 13.5,MLB-TRUNS-FG-01DU6SU7TMPV5K0-GTE-P00135,Settled Early,06/18/26 06:01:02.181 PM EDT,$0.00
Over 12.5,MLB-TRUNS-FG-01DU6SU7TMPV5K0-GTE-P00125,Settled Early,06/18/26 06:01:02.409 PM EDT,$0.00
MIN Twins,MLB-WIN-FG-01DU6SU7TMPV5K0-MINS000,Settled Early,06/18/26 06:01:26.350 PM EDT,$1.00
TEX Rangers,MLB-WIN-FG-01DU6SU7TMPV5K0-TERS000,Settled Early,06/18/26 06:01:26.620 PM EDT,$0.00
Over 8.5,MLB-TRUNS-IT5-01DU6SS4TMPV4D8-GTE-P00085,Settled Early,06/18/26 06:01:58.397 PM EDT,$0.00
SEA Mariners -1.5,MLB-MOVY-IT5-01DU6SS4TMPV4D8-SERS000-GTE-P00015,Settled Early,06/18/26 06:02:08.735 PM EDT,$1.00
Over 7.5,MLB-TRUNS-IT5-01DU6SS4TMPV4D8-GTE-P00075,Settled Early,06/18/26 06:22:16.229 PM EDT,$0.00
SEA Mariners -0.5,MLB-MOVY-IT5-01DU6SS4TMPV4D8-SERS000-GTE-P00005,Settled Early,06/18/26 06:22:55.788 PM EDT,$1.00
BAL Orioles -2.5,MLB-MOVY-IT5-01DU6SS4TMPV4D8-BAES000-GTE-P00025,Settled Early,06/18/26 06:33:01.347 PM EDT,$0.00
BAL Orioles -3.5,MLB-MOVY-IT5-01DU6SS4TMPV4D8-BAES000-GTE-P00035,Settled Early,06/18/26 06:33:04.741 PM EDT,$0.00
BAL Orioles -4.5,MLB-MOVY-IT5-01DU6SS4TMPV4D8-BAES000-GTE-P00045,Settled Early,06/18/26 06:33:04.941 PM EDT,$0.00
Over 4.5,MLB-TRUNS-IT5-01DU6SS4TMPV4D8-GTE-P00045,Settled Early,06/18/26 06:33:14.646 PM EDT,$0.00
BAL Orioles -0.5,MLB-MOVY-FG-01DU6SS4TMPV4D8-BAES000-GTE-P00005,Settled Early,06/18/26 06:42:51.691 PM EDT,$0.00
BAL Orioles -1.5,MLB-MOVY-FG-01DU6SS4TMPV4D8-BAES000-GTE-P00015,Settled Early,06/18/26 06:42:51.944 PM EDT,$0.00
BAL Orioles -2.5,MLB-MOVY-FG-01DU6SS4TMPV4D8-BAES000-GTE-P00025,Settled Early,06/18/26 06:42:52.129 PM EDT,$0.00
BAL Orioles -3.5,MLB-MOVY-FG-01DU6SS4TMPV4D8-BAES000-GTE-P00035,Settled Early,06/18/26 06:42:52.309 PM EDT,$0.00
BAL Orioles -4.5,MLB-MOVY-FG-01DU6SS4TMPV4D8-BAES000-GTE-P00045,Settled Early,06/18/26 06:42:52.486 PM EDT,$0.00
BAL Orioles -5.5,MLB-MOVY-FG-01DU6SS4TMPV4D8-BAES000-GTE-P00055,Settled Early,06/18/26 06:42:52.694 PM EDT,$0.00
BAL Orioles -6.5,MLB-MOVY-FG-01DU6SS4TMPV4D8-BAES000-GTE-P00065,Settled Early,06/18/26 06:42:52.881 PM EDT,$0.00
BAL Orioles -7.5,MLB-MOVY-FG-01DU6SS4TMPV4D8-BAES000-GTE-P00075,Settled Early,06/18/26 06:42:53.061 PM EDT,$0.00
SEA Mariners -0.5,MLB-MOVY-FG-01DU6SS4TMPV4D8-SERS000-GTE-P00005,Settled Early,06/18/26 06:42:53.241 PM EDT,$1.00
SEA Mariners -1.5,MLB-MOVY-FG-01DU6SS4TMPV4D8-SERS000-GTE-P00015,Settled Early,06/18/26 06:42:53.413 PM EDT,$1.00
SEA Mariners -2.5,MLB-MOVY-FG-01DU6SS4TMPV4D8-SERS000-GTE-P00025,Settled Early,06/18/26 06:42:53.593 PM EDT,$1.00
SEA Mariners -3.5,MLB-MOVY-FG-01DU6SS4TMPV4D8-SERS000-GTE-P00035,Settled Early,06/18/26 06:42:53.768 PM EDT,$0.00
SEA Mariners -4.5,MLB-MOVY-FG-01DU6SS4TMPV4D8-SERS000-GTE-P00045,Settled Early,06/18/26 06:42:53.939 PM EDT,$0.00
SEA Mariners -5.5,MLB-MOVY-FG-01DU6SS4TMPV4D8-SERS000-GTE-P00055,Settled Early,06/18/26 06:42:54.142 PM EDT,$0.00
SEA Mariners -6.5,MLB-MOVY-FG-01DU6SS4TMPV4D8-SERS000-GTE-P00065,Settled Early,06/18/26 06:42:54.343 PM EDT,$0.00
SEA Mariners -7.5,MLB-MOVY-FG-01DU6SS4TMPV4D8-SERS000-GTE-P00075,Settled Early,06/18/26 06:42:54.523 PM EDT,$0.00
SEA Mariners,MLB-WIN-FG-01DU6SS4TMPV4D8-SERS000,Settled Early,06/18/26 06:43:03.773 PM EDT,$1.00
BAL Orioles,MLB-WIN-FG-01DU6SS4TMPV4D8-BAES000,Settled Early,06/18/26 06:43:04.025 PM EDT,$0.00
Over 8.5,MLB-TRUNS-FG-01DU6SS4TMPV4D8-GTE-P00085,Settled Early,06/18/26 06:43:29.465 PM EDT,$0.00
Over 4.5,MLB-TRUNS-FG-01DU6SS4TMPV4D8-GTE-P00045,Settled Early,06/18/26 06:43:29.670 PM EDT,$0.00
Over 3.5,MLB-TRUNS-FG-01DU6SS4TMPV4D8-GTE-P00035,Settled Early,06/18/26 06:43:29.852 PM EDT,$0.00
Over 5.5,MLB-TRUNS-FG-01DU6SS4TMPV4D8-GTE-P00055,Settled Early,06/18/26 06:43:30.047 PM EDT,$0.00
Over 6.5,MLB-TRUNS-FG-01DU6SS4TMPV4D8-GTE-P00065,Settled Early,06/18/26 06:43:30.262 PM EDT,$0.00
Over 7.5,MLB-TRUNS-FG-01DU6SS4TMPV4D8-GTE-P00075,Settled Early,06/18/26 06:43:30.478 PM EDT,$0.00
Over 9.5,MLB-TRUNS-FG-01DU6SS4TMPV4D8-GTE-P00095,Settled Early,06/18/26 06:43:30.652 PM EDT,$0.00
Over 10.5,MLB-TRUNS-FG-01DU6SS4TMPV4D8-GTE-P00105,Settled Early,06/18/26 06:43:30.871 PM EDT,$0.00
Over 11.5,MLB-TRUNS-FG-01DU6SS4TMPV4D8-GTE-P00115,Settled Early,06/18/26 06:43:31.045 PM EDT,$0.00
Over 12.5,MLB-TRUNS-FG-01DU6SS4TMPV4D8-GTE-P00125,Settled Early,06/18/26 06:43:31.223 PM EDT,$0.00
Over 13.5,MLB-TRUNS-FG-01DU6SS4TMPV4D8-GTE-P00135,Settled Early,06/18/26 06:43:31.421 PM EDT,$0.00
Over 14.5,MLB-TRUNS-FG-01DU6SS4TMPV4D8-GTE-P00145,Settled Early,06/18/26 06:43:31.593 PM EDT,$0.00
Over 15.5,MLB-TRUNS-FG-01DU6SS4TMPV4D8-GTE-P00155,Settled Early,06/18/26 06:43:31.790 PM EDT,$0.00
Over 5.5,MLB-TRUNS-IT5-01DU6SS4TMPV4D8-GTE-P00055,Settled Early,06/18/26 06:52:21.376 PM EDT,$0.00
Over 6.5,MLB-TRUNS-IT5-01DU6SS4TMPV4D8-GTE-P00065,Settled Early,06/18/26 07:08:23.257 PM EDT,$0.00
Over 4.5,MLB-TRUNS-FG-01DU6ST1TMPV4A0-GTE-P00045,Settled Early,06/18/26 07:49:58.463 PM EDT,$1.00
Over 3.5,MLB-TRUNS-FG-01DU6ST1TMPV4A0-GTE-P00035,Settled Early,06/18/26 07:49:58.670 PM EDT,$1.00
Over 3.5,MLB-TRUNS-FG-01DU6SQATMPV42O-GTE-P00035,Settled Early,06/18/26 08:14:41.494 PM EDT,$1.00
Over 4.5,MLB-TRUNS-FG-01DU6SQATMPV42O-GTE-P00045,Settled Early,06/18/26 08:14:41.707 PM EDT,$1.00
Over 5.5,MLB-TRUNS-FG-01DU6ST1TMPV4A0-GTE-P00055,Settled Early,06/18/26 08:14:58.856 PM EDT,$1.00
NY Mets,MLB-WIN-IT5-01DU6ST1TMPV4A0-NYTS000,Settled Early,06/18/26 08:35:06.662 PM EDT,$0.50
Over 8.5,MLB-TRUNS-FG-01DU6SQATMPV42O-GTE-P00085,Settled Early,06/18/26 08:35:58.024 PM EDT,$1.00
Over 7.5,MLB-TRUNS-FG-01DU6SQATMPV42O-GTE-P00075,Settled Early,06/18/26 08:35:58.267 PM EDT,$1.00
Over 6.5,MLB-TRUNS-FG-01DU6SQATMPV42O-GTE-P00065,Settled Early,06/18/26 08:35:58.450 PM EDT,$1.00
Over 5.5,MLB-TRUNS-FG-01DU6SQATMPV42O-GTE-P00055,Settled Early,06/18/26 08:35:58.652 PM EDT,$1.00
Over 0.5,MLB-TRUNS-IT5-01DU6ST1TMPV4A0-GTE-P00005,Settled Early,06/18/26 08:36:12.191 PM EDT,$1.00
Over 5.5,MLB-TRUNS-IT5-01DU6ST1TMPV4A0-GTE-P00055,Settled Early,06/18/26 08:36:12.394 PM EDT,$1.00
CHI White Sox -0.5,MLB-MOVY-IT5-01DU6SUHTMPV5D0-CHOX000-GTE-P00005,Settled Early,06/18/26 08:36:20.049 PM EDT,$0.00
CHI White Sox -1.5,MLB-MOVY-IT5-01DU6SUHTMPV5D0-CHOX000-GTE-P00015,Settled Early,06/18/26 08:36:23.051 PM EDT,$0.00
NY Yankees -4.5,MLB-MOVY-IT5-01DU6SUHTMPV5D0-NYES000-GTE-P00045,Settled Early,06/18/26 08:36:26.412 PM EDT,$0.00
NY Yankees -3.5,MLB-MOVY-IT5-01DU6SUHTMPV5D0-NYES000-GTE-P00035,Settled Early,06/18/26 08:36:30.671 PM EDT,$0.00
NY Yankees -2.5,MLB-MOVY-IT5-01DU6SUHTMPV5D0-NYES000-GTE-P00025,Settled Early,06/18/26 08:36:34.059 PM EDT,$0.00
NY Mets -0.5,MLB-MOVY-IT5-01DU6ST1TMPV4A0-NYTS000-GTE-P00005,Settled Early,06/18/26 08:36:35.528 PM EDT,$0.00
NY Yankees -0.5,MLB-MOVY-IT5-01DU6SUHTMPV5D0-NYES000-GTE-P00005,Settled Early,06/18/26 08:36:38.437 PM EDT,$0.00
CHI White Sox -2.5,MLB-MOVY-IT5-01DU6SUHTMPV5D0-CHOX000-GTE-P00025,Settled Early,06/18/26 08:36:44.437 PM EDT,$0.00
NY Yankees -1.5,MLB-MOVY-IT5-01DU6SUHTMPV5D0-NYES000-GTE-P00015,Settled Early,06/18/26 08:36:47.888 PM EDT,$0.00
CHI White Sox -3.5,MLB-MOVY-IT5-01DU6SUHTMPV5D0-CHOX000-GTE-P00035,Settled Early,06/18/26 08:36:51.258 PM EDT,$0.00
CHI White Sox -4.5,MLB-MOVY-IT5-01DU6SUHTMPV5D0-CHOX000-GTE-P00045,Settled Early,06/18/26 08:36:54.206 PM EDT,$0.00
PHI Phillies,MLB-WIN-IT5-01DU6ST1TMPV4A0-PHES000,Settled Early,06/18/26 08:36:57.456 PM EDT,$0.50
NY Yankees,MLB-WIN-IT5-01DU6SUHTMPV5D0-NYES000,Settled Early,06/18/26 08:37:06.724 PM EDT,$0.50
CHI White Sox,MLB-WIN-IT5-01DU6SUHTMPV5D0-CHOX000,Settled Early,06/18/26 08:37:11.081 PM EDT,$0.50
Over 4.5,MLB-TRUNS-IT5-01DU6SUHTMPV5D0-GTE-P00045,Settled Early,06/18/26 08:37:31.741 PM EDT,$0.00
Over 5.5,MLB-TRUNS-IT5-01DU6SUHTMPV5D0-GTE-P00055,Settled Early,06/18/26 08:37:35.015 PM EDT,$0.00
Over 3.5,MLB-TRUNS-IT5-01DU6SUHTMPV5D0-GTE-P00035,Settled Early,06/18/26 08:37:37.984 PM EDT,$0.00
Over 10.5,MLB-TRUNS-IT5-01DU6SUHTMPV5D0-GTE-P00105,Settled Early,06/18/26 08:37:40.993 PM EDT,$0.00
Over 9.5,MLB-TRUNS-IT5-01DU6SUHTMPV5D0-GTE-P00095,Settled Early,06/18/26 08:37:45.385 PM EDT,$0.00
Over 8.5,MLB-TRUNS-IT5-01DU6SUHTMPV5D0-GTE-P00085,Settled Early,06/18/26 08:37:49.263 PM EDT,$0.00
Over 1.5,MLB-TRUNS-IT5-01DU6ST1TMPV4A0-GTE-P00015,Settled Early,06/18/26 08:37:52.584 PM EDT,$1.00
Over 2.5,MLB-TRUNS-IT5-01DU6ST1TMPV4A0-GTE-P00025,Settled Early,06/18/26 08:37:52.787 PM EDT,$1.00
Over 3.5,MLB-TRUNS-IT5-01DU6ST1TMPV4A0-GTE-P00035,Settled Early,06/18/26 08:37:53.000 PM EDT,$1.00
Over 0.5,MLB-TRUNS-IT5-01DU6SUHTMPV5D0-GTE-P00005,Settled Early,06/18/26 08:37:53.173 PM EDT,$1.00
Over 6.5,MLB-TRUNS-IT5-01DU6SUHTMPV5D0-GTE-P00065,Settled Early,06/18/26 08:37:59.713 PM EDT,$0.00
Over 2.5,MLB-TRUNS-IT5-01DU6SUHTMPV5D0-GTE-P00025,Settled Early,06/18/26 08:38:06.651 PM EDT,$0.00
Over 7.5,MLB-TRUNS-IT5-01DU6SUHTMPV5D0-GTE-P00075,Settled Early,06/18/26 08:38:13.522 PM EDT,$0.00
Over 1.5,MLB-TRUNS-IT5-01DU6SUHTMPV5D0-GTE-P00015,Settled Early,06/18/26 08:38:17.197 PM EDT,$1.00
NY Mets -1.5,MLB-MOVY-IT5-01DU6ST1TMPV4A0-NYTS000-GTE-P00015,Settled Early,06/18/26 08:38:20.981 PM EDT,$0.00
Over 3.5,MLB-TRUNS-FG-01DU6SUHTMPV5D0-GTE-P00035,Settled Early,06/18/26 09:43:21.595 PM EDT,$1.00
Over 4.5,MLB-TRUNS-FG-01DU6SUHTMPV5D0-GTE-P00045,Settled Early,06/18/26 09:43:21.875 PM EDT,$1.00
Over 5.5,MLB-TRUNS-FG-01DU6SUHTMPV5D0-GTE-P00055,Settled Early,06/18/26 09:43:22.061 PM EDT,$1.00
STL Cardinals -2.5,MLB-MOVY-IT5-01DU6SQATMPV42O-STLS000-GTE-P00025,Settled Early,06/18/26 09:48:59.147 PM EDT,$0.00
Over 0.5,MLB-TRUNS-IT5-01DU6SQATMPV42O-GTE-P00005,Settled Early,06/18/26 09:49:37.213 PM EDT,$1.00
Over 1.5,MLB-TRUNS-IT5-01DU6SQATMPV42O-GTE-P00015,Settled Early,06/18/26 09:49:37.451 PM EDT,$1.00
KC Royals,MLB-WIN-IT5-01DU6SQATMPV42O-KCLS000,Settled Early,06/18/26 09:50:14.467 PM EDT,$1.00
NY Yankees,MLB-WIN-FG-01DU6SUHTMPV5D0-NYES000,Settled Early,06/18/26 09:50:40.675 PM EDT,$0.00
CHI White Sox,MLB-WIN-FG-01DU6SUHTMPV5D0-CHOX000,Settled Early,06/18/26 09:50:40.893 PM EDT,$1.00
NY Yankees -5.5,MLB-MOVY-FG-01DU6SUHTMPV5D0-NYES000-GTE-P00055,Settled Early,06/18/26 09:51:16.475 PM EDT,$0.00
NY Yankees -3.5,MLB-MOVY-FG-01DU6SUHTMPV5D0-NYES000-GTE-P00035,Settled Early,06/18/26 09:51:16.688 PM EDT,$0.00
NY Yankees -7.5,MLB-MOVY-FG-01DU6SUHTMPV5D0-NYES000-GTE-P00075,Settled Early,06/18/26 09:51:16.887 PM EDT,$0.00
NY Yankees -0.5,MLB-MOVY-FG-01DU6SUHTMPV5D0-NYES000-GTE-P00005,Settled Early,06/18/26 09:51:17.095 PM EDT,$0.00
CHI White Sox -1.5,MLB-MOVY-FG-01DU6SUHTMPV5D0-CHOX000-GTE-P00015,Settled Early,06/18/26 09:51:17.299 PM EDT,$1.00
CHI White Sox -0.5,MLB-MOVY-FG-01DU6SUHTMPV5D0-CHOX000-GTE-P00005,Settled Early,06/18/26 09:51:17.510 PM EDT,$1.00
CHI White Sox -7.5,MLB-MOVY-FG-01DU6SUHTMPV5D0-CHOX000-GTE-P00075,Settled Early,06/18/26 09:51:17.688 PM EDT,$0.00
CHI White Sox -2.5,MLB-MOVY-FG-01DU6SUHTMPV5D0-CHOX000-GTE-P00025,Settled Early,06/18/26 09:51:17.866 PM EDT,$1.00
NY Yankees -2.5,MLB-MOVY-FG-01DU6SUHTMPV5D0-NYES000-GTE-P00025,Settled Early,06/18/26 09:51:18.039 PM EDT,$0.00
CHI White Sox -3.5,MLB-MOVY-FG-01DU6SUHTMPV5D0-CHOX000-GTE-P00035,Settled Early,06/18/26 09:51:18.259 PM EDT,$1.00
CHI White Sox -4.5,MLB-MOVY-FG-01DU6SUHTMPV5D0-CHOX000-GTE-P00045,Settled Early,06/18/26 09:51:18.464 PM EDT,$0.00
CHI White Sox -5.5,MLB-MOVY-FG-01DU6SUHTMPV5D0-CHOX000-GTE-P00055,Settled Early,06/18/26 09:51:18.641 PM EDT,$0.00
CHI White Sox -6.5,MLB-MOVY-FG-01DU6SUHTMPV5D0-CHOX000-GTE-P00065,Settled Early,06/18/26 09:51:18.866 PM EDT,$0.00
NY Yankees -1.5,MLB-MOVY-FG-01DU6SUHTMPV5D0-NYES000-GTE-P00015,Settled Early,06/18/26 09:51:19.038 PM EDT,$0.00
NY Yankees -4.5,MLB-MOVY-FG-01DU6SUHTMPV5D0-NYES000-GTE-P00045,Settled Early,06/18/26 09:51:19.231 PM EDT,$0.00
NY Yankees -6.5,MLB-MOVY-FG-01DU6SUHTMPV5D0-NYES000-GTE-P00065,Settled Early,06/18/26 09:51:19.407 PM EDT,$0.00
Over 9.5,MLB-TRUNS-FG-01DU6SUHTMPV5D0-GTE-P00095,Settled Early,06/18/26 09:51:47.981 PM EDT,$0.00
Over 6.5,MLB-TRUNS-FG-01DU6SUHTMPV5D0-GTE-P00065,Settled Early,06/18/26 09:51:48.271 PM EDT,$0.00
Over 15.5,MLB-TRUNS-FG-01DU6SUHTMPV5D0-GTE-P00155,Settled Early,06/18/26 09:51:48.520 PM EDT,$0.00
Over 7.5,MLB-TRUNS-FG-01DU6SUHTMPV5D0-GTE-P00075,Settled Early,06/18/26 09:51:48.736 PM EDT,$0.00
Over 8.5,MLB-TRUNS-FG-01DU6SUHTMPV5D0-GTE-P00085,Settled Early,06/18/26 09:51:48.950 PM EDT,$0.00
Over 10.5,MLB-TRUNS-FG-01DU6SUHTMPV5D0-GTE-P00105,Settled Early,06/18/26 09:51:49.205 PM EDT,$0.00
Over 11.5,MLB-TRUNS-FG-01DU6SUHTMPV5D0-GTE-P00115,Settled Early,06/18/26 09:51:49.391 PM EDT,$0.00
Over 12.5,MLB-TRUNS-FG-01DU6SUHTMPV5D0-GTE-P00125,Settled Early,06/18/26 09:51:49.584 PM EDT,$0.00
Over 13.5,MLB-TRUNS-FG-01DU6SUHTMPV5D0-GTE-P00135,Settled Early,06/18/26 09:51:49.769 PM EDT,$0.00
Over 14.5,MLB-TRUNS-FG-01DU6SUHTMPV5D0-GTE-P00145,Settled Early,06/18/26 09:51:49.943 PM EDT,$0.00
Over 9.5,MLB-TRUNS-FG-01DU6ST1TMPV4A0-GTE-P00095,Settled Early,06/18/26 09:52:13.923 PM EDT,$1.00
Over 8.5,MLB-TRUNS-FG-01DU6ST1TMPV4A0-GTE-P00085,Settled Early,06/18/26 09:52:14.182 PM EDT,$1.00
Over 7.5,MLB-TRUNS-FG-01DU6ST1TMPV4A0-GTE-P00075,Settled Early,06/18/26 09:52:14.432 PM EDT,$1.00
Over 6.5,MLB-TRUNS-FG-01DU6ST1TMPV4A0-GTE-P00065,Settled Early,06/18/26 09:52:14.669 PM EDT,$1.00
KC Royals -0.5,MLB-MOVY-IT5-01DU6SQATMPV42O-KCLS000-GTE-P00005,Settled Early,06/18/26 09:52:54.018 PM EDT,$1.00
Over 2.5,MLB-TRUNS-IT5-01DU6SQATMPV42O-GTE-P00025,Settled Early,06/18/26 09:53:21.993 PM EDT,$1.00
Over 3.5,MLB-TRUNS-IT5-01DU6SQATMPV42O-GTE-P00035,Settled Early,06/18/26 09:53:22.285 PM EDT,$1.00
Over 4.5,MLB-TRUNS-IT5-01DU6SQATMPV42O-GTE-P00045,Settled Early,06/18/26 09:53:22.514 PM EDT,$1.00
Over 5.5,MLB-TRUNS-IT5-01DU6SQATMPV42O-GTE-P00055,Settled Early,06/18/26 09:53:22.749 PM EDT,$1.00
Over 6.5,MLB-TRUNS-IT5-01DU6SQATMPV42O-GTE-P00065,Settled Early,06/18/26 09:53:22.977 PM EDT,$1.00
Over 7.5,MLB-TRUNS-IT5-01DU6SQATMPV42O-GTE-P00075,Settled Early,06/18/26 09:53:23.227 PM EDT,$1.00
Over 8.5,MLB-TRUNS-IT5-01DU6SQATMPV42O-GTE-P00085,Settled Early,06/18/26 09:53:23.478 PM EDT,$1.00
Over 9.5,MLB-TRUNS-IT5-01DU6SQATMPV42O-GTE-P00095,Settled Early,06/18/26 09:53:23.680 PM EDT,$1.00
Over 10.5,MLB-TRUNS-IT5-01DU6SQATMPV42O-GTE-P00105,Settled Early,06/18/26 09:53:23.888 PM EDT,$1.00
STL Cardinals,MLB-WIN-IT5-01DU6SQATMPV42O-STLS000,Settled Early,06/18/26 09:53:51.752 PM EDT,$0.00
Over 10.5,MLB-TRUNS-IT5-01DU6ST1TMPV4A0-GTE-P00105,Settled Early,06/18/26 09:54:39.462 PM EDT,$0.00
Over 9.5,MLB-TRUNS-IT5-01DU6ST1TMPV4A0-GTE-P00095,Settled Early,06/18/26 09:54:39.754 PM EDT,$0.00
Over 8.5,MLB-TRUNS-IT5-01DU6ST1TMPV4A0-GTE-P00085,Settled Early,06/18/26 09:54:39.983 PM EDT,$0.00
Over 7.5,MLB-TRUNS-IT5-01DU6ST1TMPV4A0-GTE-P00075,Settled Early,06/18/26 09:54:40.240 PM EDT,$0.00
Over 6.5,MLB-TRUNS-IT5-01DU6ST1TMPV4A0-GTE-P00065,Settled Early,06/18/26 09:54:40.438 PM EDT,$0.00
PHI Phillies -4.5,MLB-MOVY-IT5-01DU6ST1TMPV4A0-PHES000-GTE-P00045,Settled Early,06/18/26 09:55:24.395 PM EDT,$0.00
STL Cardinals -4.5,MLB-MOVY-IT5-01DU6SQATMPV42O-STLS000-GTE-P00045,Settled Early,06/18/26 09:56:05.710 PM EDT,$0.00
STL Cardinals -3.5,MLB-MOVY-IT5-01DU6SQATMPV42O-STLS000-GTE-P00035,Settled Early,06/18/26 09:56:05.982 PM EDT,$0.00
PHI Phillies -2.5,MLB-MOVY-FG-01DU6ST1TMPV4A0-PHES000-GTE-P00025,Settled Early,06/18/26 10:04:04.036 PM EDT,$0.00
PHI Phillies -4.5,MLB-MOVY-FG-01DU6ST1TMPV4A0-PHES000-GTE-P00045,Settled Early,06/18/26 10:04:04.326 PM EDT,$0.00
NY Mets -6.5,MLB-MOVY-FG-01DU6ST1TMPV4A0-NYTS000-GTE-P00065,Settled Early,06/18/26 10:04:04.542 PM EDT,$0.00
PHI Phillies -0.5,MLB-MOVY-FG-01DU6ST1TMPV4A0-PHES000-GTE-P00005,Settled Early,06/18/26 10:04:04.747 PM EDT,$0.00
NY Mets -2.5,MLB-MOVY-FG-01DU6ST1TMPV4A0-NYTS000-GTE-P00025,Settled Early,06/18/26 10:04:04.967 PM EDT,$0.00
NY Mets -4.5,MLB-MOVY-FG-01DU6ST1TMPV4A0-NYTS000-GTE-P00045,Settled Early,06/18/26 10:04:05.157 PM EDT,$0.00
NY Mets -5.5,MLB-MOVY-FG-01DU6ST1TMPV4A0-NYTS000-GTE-P00055,Settled Early,06/18/26 10:04:05.354 PM EDT,$0.00
PHI Phillies -1.5,MLB-MOVY-FG-01DU6ST1TMPV4A0-PHES000-GTE-P00015,Settled Early,06/18/26 10:04:05.539 PM EDT,$0.00
NY Mets -0.5,MLB-MOVY-FG-01DU6ST1TMPV4A0-NYTS000-GTE-P00005,Settled Early,06/18/26 10:04:05.761 PM EDT,$1.00
PHI Phillies -6.5,MLB-MOVY-FG-01DU6ST1TMPV4A0-PHES000-GTE-P00065,Settled Early,06/18/26 10:04:05.940 PM EDT,$0.00
NY Mets -3.5,MLB-MOVY-FG-01DU6ST1TMPV4A0-NYTS000-GTE-P00035,Settled Early,06/18/26 10:04:06.160 PM EDT,$0.00
NY Mets -1.5,MLB-MOVY-FG-01DU6ST1TMPV4A0-NYTS000-GTE-P00015,Settled Early,06/18/26 10:04:06.367 PM EDT,$1.00
NY Mets -7.5,MLB-MOVY-FG-01DU6ST1TMPV4A0-NYTS000-GTE-P00075,Settled Early,06/18/26 10:04:06.551 PM EDT,$0.00
PHI Phillies -3.5,MLB-MOVY-FG-01DU6ST1TMPV4A0-PHES000-GTE-P00035,Settled Early,06/18/26 10:04:06.732 PM EDT,$0.00
PHI Phillies -5.5,MLB-MOVY-FG-01DU6ST1TMPV4A0-PHES000-GTE-P00055,Settled Early,06/18/26 10:04:06.935 PM EDT,$0.00
PHI Phillies -7.5,MLB-MOVY-FG-01DU6ST1TMPV4A0-PHES000-GTE-P00075,Settled Early,06/18/26 10:04:07.107 PM EDT,$0.00
PHI Phillies,MLB-WIN-FG-01DU6ST1TMPV4A0-PHES000,Settled Early,06/18/26 10:04:21.633 PM EDT,$0.00
NY Mets,MLB-WIN-FG-01DU6ST1TMPV4A0-NYTS000,Settled Early,06/18/26 10:04:21.849 PM EDT,$1.00
Over 13.5,MLB-TRUNS-FG-01DU6ST1TMPV4A0-GTE-P00135,Settled Early,06/18/26 10:04:53.832 PM EDT,$0.00
Over 12.5,MLB-TRUNS-FG-01DU6ST1TMPV4A0-GTE-P00125,Settled Early,06/18/26 10:04:54.033 PM EDT,$0.00
Over 11.5,MLB-TRUNS-FG-01DU6ST1TMPV4A0-GTE-P00115,Settled Early,06/18/26 10:04:54.233 PM EDT,$0.00
Over 10.5,MLB-TRUNS-FG-01DU6ST1TMPV4A0-GTE-P00105,Settled Early,06/18/26 10:04:54.437 PM EDT,$0.00
Over 15.5,MLB-TRUNS-FG-01DU6ST1TMPV4A0-GTE-P00155,Settled Early,06/18/26 10:04:54.643 PM EDT,$0.00
Over 14.5,MLB-TRUNS-FG-01DU6ST1TMPV4A0-GTE-P00145,Settled Early,06/18/26 10:04:54.847 PM EDT,$0.00
KC Royals -1.5,MLB-MOVY-IT5-01DU6SQATMPV42O-KCLS000-GTE-P00015,Settled Early,06/18/26 10:47:33.901 PM EDT,$1.00
KC Royals -4.5,MLB-MOVY-IT5-01DU6SQATMPV42O-KCLS000-GTE-P00045,Settled Early,06/18/26 10:47:50.673 PM EDT,$1.00
KC Royals -3.5,MLB-MOVY-IT5-01DU6SQATMPV42O-KCLS000-GTE-P00035,Settled Early,06/18/26 10:49:42.969 PM EDT,$1.00
KC Royals -2.5,MLB-MOVY-IT5-01DU6SQATMPV42O-KCLS000-GTE-P00025,Settled Early,06/18/26 10:51:34.690 PM EDT,$1.00
STL Cardinals -1.5,MLB-MOVY-IT5-01DU6SQATMPV42O-STLS000-GTE-P00015,Settled Early,06/18/26 10:52:06.985 PM EDT,$0.00
STL Cardinals -0.5,MLB-MOVY-IT5-01DU6SQATMPV42O-STLS000-GTE-P00005,Settled Early,06/18/26 10:52:20.286 PM EDT,$0.00
PHI Phillies -3.5,MLB-MOVY-IT5-01DU6ST1TMPV4A0-PHES000-GTE-P00035,Settled Early,06/18/26 10:53:03.739 PM EDT,$0.00
NY Mets -4.5,MLB-MOVY-IT5-01DU6ST1TMPV4A0-NYTS000-GTE-P00045,Settled Early,06/18/26 10:53:15.371 PM EDT,$0.00
NY Mets -3.5,MLB-MOVY-IT5-01DU6ST1TMPV4A0-NYTS000-GTE-P00035,Settled Early,06/18/26 10:53:24.749 PM EDT,$0.00
PHI Phillies -1.5,MLB-MOVY-IT5-01DU6ST1TMPV4A0-PHES000-GTE-P00015,Settled Early,06/18/26 10:53:48.416 PM EDT,$0.00
PHI Phillies -0.5,MLB-MOVY-IT5-01DU6ST1TMPV4A0-PHES000-GTE-P00005,Settled Early,06/18/26 10:54:01.984 PM EDT,$0.00
NY Mets -2.5,MLB-MOVY-IT5-01DU6ST1TMPV4A0-NYTS000-GTE-P00025,Settled Early,06/18/26 10:54:09.929 PM EDT,$0.00
PHI Phillies -2.5,MLB-MOVY-IT5-01DU6ST1TMPV4A0-PHES000-GTE-P00025,Settled Early,06/18/26 10:54:21.673 PM EDT,$0.00
Over 4.5,MLB-TRUNS-IT5-01DU6ST1TMPV4A0-GTE-P00045,Settled Early,06/18/26 10:55:07.093 PM EDT,$1.00
Over 15.5,MLB-TRUNS-FG-01DU6SQATMPV42O-GTE-P00155,Settled Early,06/18/26 11:02:39.479 PM EDT,$1.00
Over 14.5,MLB-TRUNS-FG-01DU6SQATMPV42O-GTE-P00145,Settled Early,06/18/26 11:02:39.798 PM EDT,$1.00
Over 13.5,MLB-TRUNS-FG-01DU6SQATMPV42O-GTE-P00135,Settled Early,06/18/26 11:02:40.022 PM EDT,$1.00
Over 11.5,MLB-TRUNS-FG-01DU6SQATMPV42O-GTE-P00115,Settled Early,06/18/26 11:02:40.240 PM EDT,$1.00
Over 10.5,MLB-TRUNS-FG-01DU6SQATMPV42O-GTE-P00105,Settled Early,06/18/26 11:02:40.456 PM EDT,$1.00
Over 9.5,MLB-TRUNS-FG-01DU6SQATMPV42O-GTE-P00095,Settled Early,06/18/26 11:02:40.639 PM EDT,$1.00
Over 12.5,MLB-TRUNS-FG-01DU6SQATMPV42O-GTE-P00125,Settled Early,06/18/26 11:02:40.863 PM EDT,$1.00
Athletics,MLB-WIN-IT5-01DU7JR2TMPU4BG-ATCS000,Settled Early,06/18/26 11:11:40.348 PM EDT,$1.00
Over 1.5,MLB-TRUNS-IT5-01DU7JR2TMPU4BG-GTE-P00015,Settled Early,06/18/26 11:13:06.849 PM EDT,$1.00
Over 2.5,MLB-TRUNS-IT5-01DU7JR2TMPU4BG-GTE-P00025,Settled Early,06/18/26 11:14:09.411 PM EDT,$1.00
Over 3.5,MLB-TRUNS-IT5-01DU7JR2TMPU4BG-GTE-P00035,Settled Early,06/18/26 11:14:38.052 PM EDT,$1.00
Over 10.5,MLB-TRUNS-IT5-01DU7JR2TMPU4BG-GTE-P00105,Settled Early,06/18/26 11:15:54.099 PM EDT,$0.00
Over 9.5,MLB-TRUNS-IT5-01DU7JR2TMPU4BG-GTE-P00095,Settled Early,06/18/26 11:15:55.084 PM EDT,$0.00
Over 5.5,MLB-TRUNS-IT5-01DU7JR2TMPU4BG-GTE-P00055,Settled Early,06/18/26 11:16:12.731 PM EDT,$0.00
Over 8.5,MLB-TRUNS-IT5-01DU7JR2TMPU4BG-GTE-P00085,Settled Early,06/18/26 11:16:33.227 PM EDT,$0.00
Over 6.5,MLB-TRUNS-IT5-01DU7JR2TMPU4BG-GTE-P00065,Settled Early,06/18/26 11:16:56.642 PM EDT,$0.00
Over 4.5,MLB-TRUNS-IT5-01DU7JR2TMPU4BG-GTE-P00045,Settled Early,06/18/26 11:16:59.323 PM EDT,$1.00
Over 0.5,MLB-TRUNS-IT5-01DU7JR2TMPU4BG-GTE-P00005,Settled Early,06/18/26 11:17:04.036 PM EDT,$1.00
Over 7.5,MLB-TRUNS-IT5-01DU7JR2TMPU4BG-GTE-P00075,Settled Early,06/18/26 11:17:08.212 PM EDT,$0.00
STL Cardinals -6.5,MLB-MOVY-FG-01DU6SQATMPV42O-STLS000-GTE-P00065,Settled Early,06/18/26 11:17:12.216 PM EDT,$0.00
STL Cardinals -0.5,MLB-MOVY-FG-01DU6SQATMPV42O-STLS000-GTE-P00005,Settled Early,06/18/26 11:17:12.430 PM EDT,$0.00
KC Royals -0.5,MLB-MOVY-FG-01DU6SQATMPV42O-KCLS000-GTE-P00005,Settled Early,06/18/26 11:17:12.652 PM EDT,$1.00
KC Royals -4.5,MLB-MOVY-FG-01DU6SQATMPV42O-KCLS000-GTE-P00045,Settled Early,06/18/26 11:17:12.877 PM EDT,$1.00
KC Royals -6.5,MLB-MOVY-FG-01DU6SQATMPV42O-KCLS000-GTE-P00065,Settled Early,06/18/26 11:17:13.102 PM EDT,$1.00
KC Royals -7.5,MLB-MOVY-FG-01DU6SQATMPV42O-KCLS000-GTE-P00075,Settled Early,06/18/26 11:17:13.317 PM EDT,$1.00
KC Royals -2.5,MLB-MOVY-FG-01DU6SQATMPV42O-KCLS000-GTE-P00025,Settled Early,06/18/26 11:17:13.499 PM EDT,$1.00
STL Cardinals -1.5,MLB-MOVY-FG-01DU6SQATMPV42O-STLS000-GTE-P00015,Settled Early,06/18/26 11:17:13.709 PM EDT,$0.00
KC Royals -1.5,MLB-MOVY-FG-01DU6SQATMPV42O-KCLS000-GTE-P00015,Settled Early,06/18/26 11:17:13.894 PM EDT,$1.00
KC Royals -3.5,MLB-MOVY-FG-01DU6SQATMPV42O-KCLS000-GTE-P00035,Settled Early,06/18/26 11:17:14.110 PM EDT,$1.00
KC Royals -5.5,MLB-MOVY-FG-01DU6SQATMPV42O-KCLS000-GTE-P00055,Settled Early,06/18/26 11:17:14.324 PM EDT,$1.00
STL Cardinals -2.5,MLB-MOVY-FG-01DU6SQATMPV42O-STLS000-GTE-P00025,Settled Early,06/18/26 11:17:14.558 PM EDT,$0.00
STL Cardinals -3.5,MLB-MOVY-FG-01DU6SQATMPV42O-STLS000-GTE-P00035,Settled Early,06/18/26 11:17:14.793 PM EDT,$0.00
STL Cardinals -4.5,MLB-MOVY-FG-01DU6SQATMPV42O-STLS000-GTE-P00045,Settled Early,06/18/26 11:17:14.973 PM EDT,$0.00
STL Cardinals -5.5,MLB-MOVY-FG-01DU6SQATMPV42O-STLS000-GTE-P00055,Settled Early,06/18/26 11:17:15.153 PM EDT,$0.00
STL Cardinals -7.5,MLB-MOVY-FG-01DU6SQATMPV42O-STLS000-GTE-P00075,Settled Early,06/18/26 11:17:15.333 PM EDT,$0.00
STL Cardinals,MLB-WIN-FG-01DU6SQATMPV42O-STLS000,Settled Early,06/18/26 11:17:37.251 PM EDT,$0.00
KC Royals,MLB-WIN-FG-01DU6SQATMPV42O-KCLS000,Settled Early,06/18/26 11:17:37.488 PM EDT,$1.00
LA Angels,MLB-WIN-IT5-01DU7JR2TMPU4BG-LALS000,Settled Early,06/18/26 11:18:05.566 PM EDT,$0.00
Athletics -1.5,MLB-MOVY-IT5-01DU7JR2TMPU4BG-ATCS000-GTE-P00015,Settled Early,06/18/26 11:18:25.223 PM EDT,$1.00
Athletics -0.5,MLB-MOVY-IT5-01DU7JR2TMPU4BG-ATCS000-GTE-P00005,Settled Early,06/18/26 11:18:25.670 PM EDT,$1.00
Athletics -3.5,MLB-MOVY-IT5-01DU7JR2TMPU4BG-ATCS000-GTE-P00035,Settled Early,06/18/26 11:18:50.107 PM EDT,$1.00
Athletics -4.5,MLB-MOVY-IT5-01DU7JR2TMPU4BG-ATCS000-GTE-P00045,Settled Early,06/18/26 11:19:13.192 PM EDT,$1.00
Athletics -2.5,MLB-MOVY-IT5-01DU7JR2TMPU4BG-ATCS000-GTE-P00025,Settled Early,06/18/26 11:19:13.418 PM EDT,$1.00
LA Angels -2.5,MLB-MOVY-IT5-01DU7JR2TMPU4BG-LALS000-GTE-P00025,Settled Early,06/18/26 11:19:38.823 PM EDT,$0.00
LA Angels -0.5,MLB-MOVY-IT5-01DU7JR2TMPU4BG-LALS000-GTE-P00005,Settled Early,06/18/26 11:19:41.274 PM EDT,$0.00
LA Angels -1.5,MLB-MOVY-IT5-01DU7JR2TMPU4BG-LALS000-GTE-P00015,Settled Early,06/18/26 11:19:45.109 PM EDT,$0.00
LA Angels -4.5,MLB-MOVY-IT5-01DU7JR2TMPU4BG-LALS000-GTE-P00045,Settled Early,06/18/26 11:19:49.790 PM EDT,$0.00
LA Angels -3.5,MLB-MOVY-IT5-01DU7JR2TMPU4BG-LALS000-GTE-P00035,Settled Early,06/18/26 11:19:53.642 PM EDT,$0.00
